-- MySQL dump 10.13  Distrib 8.0.36, for Linux (x86_64)
--
-- Host: localhost    Database: laravel
-- ------------------------------------------------------
-- Server version	8.0.32

/*!40101 SET @OLD_CHARACTER_SET_CLIENT=@@CHARACTER_SET_CLIENT */;
/*!40101 SET @OLD_CHARACTER_SET_RESULTS=@@CHARACTER_SET_RESULTS */;
/*!40101 SET @OLD_COLLATION_CONNECTION=@@COLLATION_CONNECTION */;
/*!50503 SET NAMES utf8 */;
/*!40103 SET @OLD_TIME_ZONE=@@TIME_ZONE */;
/*!40103 SET TIME_ZONE='+00:00' */;
/*!40014 SET @OLD_UNIQUE_CHECKS=@@UNIQUE_CHECKS, UNIQUE_CHECKS=0 */;
/*!40014 SET @OLD_FOREIGN_KEY_CHECKS=@@FOREIGN_KEY_CHECKS, FOREIGN_KEY_CHECKS=0 */;
/*!40101 SET @OLD_SQL_MODE=@@SQL_MODE, SQL_MODE='NO_AUTO_VALUE_ON_ZERO' */;
/*!40111 SET @OLD_SQL_NOTES=@@SQL_NOTES, SQL_NOTES=0 */;

--
-- Table structure for table `data_rows`
--

DROP TABLE IF EXISTS `data_rows`;
/*!40101 SET @saved_cs_client     = @@character_set_client */;
/*!50503 SET character_set_client = utf8mb4 */;
CREATE TABLE `data_rows` (
  `id` int unsigned NOT NULL AUTO_INCREMENT,
  `data_type_id` int unsigned NOT NULL,
  `field` varchar(255) CHARACTER SET utf8mb4 COLLATE utf8mb4_unicode_ci NOT NULL,
  `type` varchar(255) CHARACTER SET utf8mb4 COLLATE utf8mb4_unicode_ci NOT NULL,
  `display_name` varchar(255) CHARACTER SET utf8mb4 COLLATE utf8mb4_unicode_ci NOT NULL,
  `required` tinyint(1) NOT NULL DEFAULT '0',
  `browse` tinyint(1) NOT NULL DEFAULT '1',
  `read` tinyint(1) NOT NULL DEFAULT '1',
  `edit` tinyint(1) NOT NULL DEFAULT '1',
  `add` tinyint(1) NOT NULL DEFAULT '1',
  `delete` tinyint(1) NOT NULL DEFAULT '1',
  `details` text CHARACTER SET utf8mb4 COLLATE utf8mb4_unicode_ci,
  `order` int NOT NULL DEFAULT '1',
  PRIMARY KEY (`id`),
  KEY `data_rows_data_type_id_foreign` (`data_type_id`),
  CONSTRAINT `data_rows_data_type_id_foreign` FOREIGN KEY (`data_type_id`) REFERENCES `data_types` (`id`) ON DELETE CASCADE ON UPDATE CASCADE
) ENGINE=InnoDB AUTO_INCREMENT=249 DEFAULT CHARSET=utf8mb4 COLLATE=utf8mb4_unicode_ci;
/*!40101 SET character_set_client = @saved_cs_client */;

--
-- Dumping data for table `data_rows`
--

LOCK TABLES `data_rows` WRITE;
/*!40000 ALTER TABLE `data_rows` DISABLE KEYS */;
INSERT INTO `data_rows` VALUES (1,1,'id','number','ID',1,0,0,0,0,0,NULL,1),(2,1,'name','text','Name',1,1,1,1,1,1,NULL,2),(3,1,'email','text','Email',1,1,1,1,1,1,NULL,3),(4,1,'password','password','Password',1,0,0,1,1,0,NULL,4),(5,1,'remember_token','text','Remember Token',0,0,0,0,0,0,NULL,5),(6,1,'created_at','timestamp','Created At',0,1,1,0,0,0,NULL,6),(7,1,'updated_at','timestamp','Updated At',0,0,0,0,0,0,NULL,7),(8,1,'avatar','image','Avatar',0,1,1,1,1,1,NULL,8),(9,1,'user_belongsto_role_relationship','relationship','Role',0,1,1,1,1,0,'{\"model\":\"TCG\\\\Voyager\\\\Models\\\\Role\",\"table\":\"roles\",\"type\":\"belongsTo\",\"column\":\"role_id\",\"key\":\"id\",\"label\":\"display_name\",\"pivot_table\":\"roles\",\"pivot\":0}',10),(10,1,'user_belongstomany_role_relationship','relationship','Roles',0,1,1,1,1,0,'{\"model\":\"TCG\\\\Voyager\\\\Models\\\\Role\",\"table\":\"roles\",\"type\":\"belongsToMany\",\"column\":\"id\",\"key\":\"id\",\"label\":\"display_name\",\"pivot_table\":\"user_roles\",\"pivot\":\"1\",\"taggable\":\"0\"}',11),(11,1,'settings','hidden','Settings',0,0,0,0,0,0,NULL,12),(12,2,'id','number','ID',1,0,0,0,0,0,NULL,1),(13,2,'name','text','Name',1,1,1,1,1,1,NULL,2),(14,2,'created_at','timestamp','Created At',0,0,0,0,0,0,NULL,3),(15,2,'updated_at','timestamp','Updated At',0,0,0,0,0,0,NULL,4),(16,3,'id','number','ID',1,0,0,0,0,0,NULL,1),(17,3,'name','text','Name',1,1,1,1,1,1,NULL,2),(18,3,'created_at','timestamp','Created At',0,0,0,0,0,0,NULL,3),(19,3,'updated_at','timestamp','Updated At',0,0,0,0,0,0,NULL,4),(20,3,'display_name','text','Display Name',1,1,1,1,1,1,NULL,5),(21,1,'role_id','text','Role',1,1,1,1,1,1,NULL,9),(87,13,'id','text','Id',1,0,0,0,0,0,'{}',1),(88,13,'title','text','Title',1,1,1,1,1,1,'{}',3),(89,13,'body','rich_text_box','Body',0,0,1,1,1,1,'{}',8),(90,13,'image','image','Image',0,0,0,0,0,0,'{}',2),(91,13,'slug','text','Slug',1,1,1,1,1,1,'{\"slugify\":{\"origin\":\"title\",\"forceUpdate\":true}}',4),(92,13,'meta_description','text_area','Meta Description',0,0,1,1,1,1,'{}',5),(93,13,'meta_keywords','text_area','Meta Keywords',0,0,1,1,1,1,'{}',6),(94,13,'active','select_dropdown','Active',1,1,1,1,1,1,'{\"default\":\"1\",\"options\":{\"0\":\"Inactive\",\"1\":\"Active\"}}',7),(95,13,'created_at','timestamp','Created At',0,0,0,0,0,0,'{}',9),(96,13,'updated_at','timestamp','Updated At',0,0,0,0,0,0,'{}',10),(109,15,'id','text','Id',1,0,0,0,0,0,'{}',1),(110,15,'name','text','Name',0,1,1,1,1,1,'{}',2),(111,15,'url','text','Url',0,0,0,0,0,0,'{}',3),(112,15,'created_at','timestamp','Created At',0,1,1,1,0,1,'{}',4),(113,15,'updated_at','timestamp','Updated At',0,0,0,0,0,0,'{}',5),(114,16,'id','text','Id',1,0,0,0,0,0,'{}',1),(115,16,'name','text','Name',1,1,1,1,1,1,'{}',5),(117,16,'price','number','Price($)',1,1,1,1,1,1,'{\"step\":0.001,\"min\":0,\"default\":0.001}',7),(118,16,'image','image','Image',1,1,1,1,1,1,'{}',2),(119,16,'map_id','hidden','Map Id',0,1,1,1,1,1,'{}',3),(120,16,'price_mad','hidden','Price Mad',1,0,0,0,0,0,'{\"step\":0.01,\"min\":0,\"default\":0.01}',8),(121,16,'price_usd','number','Price ( Usd )',1,0,1,1,1,1,'{\"step\":0.001,\"min\":0,\"default\":0.001}',9),(122,16,'price_buy','number','Price Buy',1,0,1,1,1,1,'{\"step\":0.001,\"min\":0,\"default\":0.001}',10),(123,16,'min','number','Min Quantity',0,0,1,1,1,1,'{\"min\":1,\"default\":1}',11),(124,16,'max','number','Max Qauntity',0,0,1,1,1,1,'{\"min\":1,\"default\":10}',12),(125,16,'active','checkbox','Status',1,1,1,1,1,1,'{\"on\":\"Disponible\",\"off\":\"Indisponible\",\"checked\":true}',13),(126,16,'created_at','timestamp','Created At',0,0,0,0,0,0,'{}',14),(127,16,'updated_at','timestamp','Updated At',0,0,0,0,0,0,'{}',15),(128,16,'server_belongsto_map_relationship','relationship','Map',0,1,1,1,1,1,'{\"model\":\"App\\\\Models\\\\Map\",\"table\":\"maps\",\"type\":\"belongsTo\",\"column\":\"map_id\",\"key\":\"id\",\"label\":\"name\",\"pivot_table\":\"data_rows\",\"pivot\":\"0\",\"taggable\":\"0\"}',4),(129,17,'id','text','Id',1,0,0,0,0,0,'{}',1),(130,17,'name','text','Name',1,1,1,1,1,1,'{}',5),(131,17,'active','checkbox','Status',1,1,1,1,1,1,'{\"on\":\"Disponible\",\"off\":\"Indisponible\",\"checked\":true}',13),(132,17,'price','number','Price',0,1,1,1,1,1,'{\"step\":0.001,\"min\":0,\"default\":0.001}',6),(133,17,'paypal_price','number','Price (Paypal)',1,0,1,1,1,1,'{\"step\":0.001,\"min\":0,\"default\":0.001}',7),(134,17,'skrill_price','number','Price (Skrill)',1,0,1,1,1,1,'{\"step\":0.001,\"min\":0,\"default\":0.001}',8),(135,17,'cih_price','hidden','Cih Price',1,0,1,1,1,1,'{\"step\":0.01,\"min\":0,\"default\":0.01}',9),(136,17,'stripe_price','number','Price (Stripe)',0,0,1,1,1,1,'{\"step\":0.001,\"min\":0,\"default\":0.001}',10),(137,17,'min','number','Min Quantity',1,1,1,1,1,1,'{\"min\":1,\"default\":1}',11),(138,17,'max','number','Max Qauntity',1,1,1,1,1,1,'{\"min\":1,\"default\":10}',12),(139,17,'map_id','hidden','Map Id',0,1,1,1,1,1,'{}',3),(140,17,'created_at','timestamp','Created At',0,0,0,0,0,0,'{}',14),(141,17,'updated_at','timestamp','Updated At',0,0,0,0,0,0,'{}',15),(142,17,'offer_server_belongsto_map_relationship','relationship','Map',0,1,1,1,1,1,'{\"model\":\"App\\\\Models\\\\Map\",\"table\":\"maps\",\"type\":\"belongsTo\",\"column\":\"map_id\",\"key\":\"id\",\"label\":\"name\",\"pivot_table\":\"data_rows\",\"pivot\":\"0\",\"taggable\":\"0\"}',4),(143,17,'image','image','Image',1,1,1,1,1,1,'{}',2),(144,18,'id','text','Id',1,0,0,0,0,0,'{}',1),(145,18,'name','text','Name',1,1,1,1,1,1,'{}',3),(146,18,'job','text','Job title',0,1,1,1,1,1,'{}',4),(147,18,'avatar','image','Picture / Avatar',1,1,1,1,1,1,'{}',2),(148,18,'testimonial','text_area','Testimonial',1,0,1,1,1,1,'{}',5),(149,18,'active','checkbox','Status',1,1,1,1,1,1,'{\"on\":\"Disponible\",\"off\":\"Indisponible\",\"checked\":true}',6),(150,18,'created_at','timestamp','Created At',0,0,0,0,0,0,'{}',7),(151,18,'updated_at','timestamp','Updated At',0,0,0,0,0,0,'{}',8),(152,19,'id','text','Id',1,0,0,0,0,0,'{}',1),(153,19,'name','text','Name',1,1,1,1,1,1,'{}',2),(154,19,'active','checkbox','Status',1,1,1,1,1,1,'{\"on\":\"Disponible\",\"off\":\"Indisponible\",\"checked\":true}',5),(155,19,'svg_name','text','Svg file  Name',1,1,1,1,1,1,'{}',3),(156,19,'fees','number','Fees %',1,1,1,1,1,1,'{\"step\":0.01,\"min\":0,\"default\":0.01}',4),(157,19,'created_at','timestamp','Created At',0,0,0,0,0,0,'{}',6),(158,19,'updated_at','timestamp','Updated At',0,0,0,0,0,0,'{}',7),(159,20,'id','text','Id',1,0,0,0,0,0,'{}',1),(160,20,'user_id','hidden','User Id',1,0,1,1,1,1,'{}',2),(161,20,'server_id','hidden','Server Id',1,0,1,1,1,1,'{}',3),(162,20,'orderId','text','Référence',1,1,1,1,1,1,'{}',5),(163,20,'quantity','number','Quantité',0,1,1,1,1,1,'{}',9),(164,20,'total','number','Total',0,1,1,1,1,1,'{}',10),(165,20,'game_id','text','Nom dans jeu',0,1,1,1,1,1,'{}',12),(166,20,'payment_id','hidden','Payment Id',1,0,1,1,1,1,'{}',4),(167,20,'payment_info','text','Payment Info',0,0,1,1,1,1,'{}',13),(168,20,'payment_info_b','text','Payment Info B',0,0,1,1,1,1,'{}',14),(169,20,'name','text','Name',1,1,1,1,1,1,'{}',6),(170,20,'email','text','Email',1,0,1,1,1,1,'{}',7),(171,20,'discord','hidden','Discord',1,0,1,1,1,1,'{}',15),(172,20,'status','select_dropdown','Status',1,1,1,1,1,1,'{\"default\":\"pending\",\"options\":{\"pending\":\"En attente\",\"progress\":\"En cours\",\"cancelled\":\"Annul\\u00e9\",\"completed\":\"Compl\\u00e9t\\u00e9\"}}',16),(173,20,'created_at','timestamp','Date/heure',0,1,1,0,0,0,'{}',17),(174,20,'updated_at','timestamp','Updated At',0,0,0,0,0,0,'{}',18),(175,20,'offer_belongsto_offer_server_relationship','relationship','Serveur',0,1,1,1,1,1,'{\"model\":\"App\\\\Models\\\\OfferServer\",\"table\":\"offer_servers\",\"type\":\"belongsTo\",\"column\":\"server_id\",\"key\":\"id\",\"label\":\"name\",\"pivot_table\":\"data_rows\",\"pivot\":\"0\",\"taggable\":\"0\"}',8),(176,20,'offer_belongsto_user_relationship','relationship','Utilisateur',0,0,1,1,1,1,'{\"model\":\"App\\\\Models\\\\User\",\"table\":\"users\",\"type\":\"belongsTo\",\"column\":\"user_id\",\"key\":\"id\",\"label\":\"name\",\"pivot_table\":\"data_rows\",\"pivot\":\"0\",\"taggable\":\"0\"}',19),(177,20,'offer_belongsto_payment_relationship','relationship','Paiement via',0,1,1,1,1,1,'{\"model\":\"App\\\\Models\\\\Payment\",\"table\":\"payments\",\"type\":\"belongsTo\",\"column\":\"id\",\"key\":\"id\",\"label\":\"name\",\"pivot_table\":\"data_rows\",\"pivot\":\"0\",\"taggable\":\"0\"}',11),(178,21,'id','text','Id',1,0,0,0,0,0,'{}',1),(179,21,'from_server','hidden','Recevoir à',1,1,1,1,1,1,'{}',6),(180,21,'to_server','hidden','Sur le serveur',1,1,1,1,1,1,'{}',10),(181,21,'quantity','number','Recevoir la quantité',1,1,1,1,1,1,'{}',5),(182,21,'from_name','text','Recevoir de',1,1,1,1,1,1,'{}',4),(183,21,'to_name','text','Au client',1,1,1,1,1,1,'{}',9),(184,21,'status','select_dropdown','Status',1,1,1,1,1,1,'{\"default\":\"pending\",\"options\":{\"pending\":\"En attente\",\"progress\":\"En cours\",\"cancelled\":\"Annul\\u00e9\",\"completed\":\"Compl\\u00e9t\\u00e9\"}}',12),(185,21,'quantity_get','number','Envoyer a',1,1,1,1,1,1,'{}',8),(186,21,'user_id','hidden','User Id',0,0,1,1,1,1,'{}',3),(187,21,'orderId','text','REF',1,1,1,1,1,1,'{}',2),(188,21,'created_at','timestamp','Created At',0,0,0,0,0,0,'{}',13),(189,21,'updated_at','timestamp','Updated At',0,0,0,0,0,0,'{}',14),(190,21,'exchange_belongsto_server_relationship','relationship','Recevoir à',0,1,1,1,1,1,'{\"model\":\"App\\\\Models\\\\Server\",\"table\":\"servers\",\"type\":\"belongsTo\",\"column\":\"from_server\",\"key\":\"id\",\"label\":\"name\",\"pivot_table\":\"data_rows\",\"pivot\":\"0\",\"taggable\":\"0\"}',7),(191,21,'exchange_belongsto_server_relationship_1','relationship','Sur le serveur',0,1,1,1,1,1,'{\"model\":\"App\\\\Models\\\\Server\",\"table\":\"servers\",\"type\":\"belongsTo\",\"column\":\"to_server\",\"key\":\"id\",\"label\":\"name\",\"pivot_table\":\"data_rows\",\"pivot\":\"0\",\"taggable\":\"0\"}',11),(192,22,'id','text','Id',1,0,0,0,0,0,'{}',1),(193,22,'reference','text','Ref',1,1,1,1,1,1,'{}',2),(194,22,'quantity','number','Quantity',0,1,1,1,1,1,'{\"step\":0.001,\"min\":0,\"default\":0.001}',4),(195,22,'total','number','Total($)',0,1,1,1,1,1,'{\"step\":0.01,\"min\":0,\"default\":0.01}',6),(196,22,'bonus','number','Bonus',0,1,1,1,1,1,'{\"step\":0.01,\"min\":0,\"default\":0.01}',7),(197,22,'payment_id','text','Payment Id',1,0,1,1,1,1,'{}',8),(198,22,'payed','checkbox','Payed',1,1,1,1,1,1,'{\"on\":\"Yes\",\"off\":\"No\",\"checked\":false}',9),(199,22,'payment_verified','checkbox','Payment Verified',1,1,1,1,1,1,'{\"on\":\"Yes\",\"off\":\"No\",\"checked\":false}',10),(200,22,'facturer','checkbox','Facturer',1,1,1,1,1,1,'{\"on\":\"Yes\",\"off\":\"No\",\"checked\":false}',11),(201,22,'liviser','checkbox','Liviser',1,1,1,1,1,1,'{\"on\":\"Yes\",\"off\":\"No\",\"checked\":false}',12),(202,22,'delivered','checkbox','Delivered',1,1,1,1,1,1,'{\"on\":\"Yes\",\"off\":\"No\",\"checked\":false}',13),(203,22,'order_completed','checkbox','Order Completed',1,1,1,1,1,1,'{\"on\":\"Yes\",\"off\":\"No\",\"checked\":false}',14),(204,22,'facturation_name','text','Facturation Name',0,0,1,1,1,1,'{}',15),(205,22,'facturation_discrod','text','Facturation Discrod',0,0,1,1,1,1,'{}',16),(206,22,'facturation_email','text','Facturation Email',0,0,1,1,1,1,'{}',17),(207,22,'facturation_code','text','Facturation Code',0,0,1,1,1,1,'{}',18),(208,22,'facturation_city','text','Facturation City',0,0,1,1,1,1,'{}',19),(209,22,'facturation_phone','text','Facturation Phone',0,0,1,1,1,1,'{}',20),(210,22,'facturation_agree','text','Facturation Agree',1,0,1,1,1,1,'{}',21),(211,22,'server_id','text','Server',1,0,1,1,1,1,'{}',5),(212,22,'user_id','text','User',1,0,1,1,1,1,'{}',3),(213,22,'created_at','timestamp','Created At',0,0,1,1,0,1,'{}',22),(214,22,'updated_at','timestamp','Updated At',0,0,0,0,0,0,'{}',23),(215,22,'deleted_at','timestamp','Deleted At',0,0,0,0,0,1,'{}',24),(216,22,'order_belongsto_server_relationship','relationship','servers',0,1,1,1,1,1,'{\"model\":\"App\\\\Models\\\\Server\",\"table\":\"servers\",\"type\":\"belongsTo\",\"column\":\"server_id\",\"key\":\"id\",\"label\":\"name\",\"pivot_table\":\"data_rows\",\"pivot\":\"0\",\"taggable\":\"0\"}',25),(217,22,'order_belongsto_user_relationship','relationship','User',0,1,1,1,1,1,'{\"model\":\"App\\\\Models\\\\User\",\"table\":\"users\",\"type\":\"belongsTo\",\"column\":\"user_id\",\"key\":\"id\",\"label\":\"name\",\"pivot_table\":\"data_rows\",\"pivot\":\"0\",\"taggable\":\"0\"}',26),(239,22,'username','text','Username',0,1,1,1,1,1,'{}',25),(240,26,'id','text','Id',1,0,0,0,0,0,'{}',1),(241,26,'question','text','Question',0,1,1,1,1,1,'{}',2),(242,26,'answer','text_area','Répondre',0,1,1,1,1,1,'{}',3),(243,26,'created_at','timestamp','Created At',0,0,0,0,0,0,'{}',4),(244,26,'updated_at','timestamp','Updated At',0,0,0,0,0,0,'{}',5),(245,27,'id','text','Id',1,0,0,0,0,0,'{}',1),(246,27,'email','text','Email',1,1,1,1,1,1,'{}',2),(247,27,'created_at','timestamp','Rejoint à',0,1,1,1,0,0,'{}',3),(248,27,'updated_at','timestamp','Updated At',0,0,0,0,0,0,'{}',4);
/*!40000 ALTER TABLE `data_rows` ENABLE KEYS */;
UNLOCK TABLES;

--
-- Table structure for table `data_types`
--

DROP TABLE IF EXISTS `data_types`;
/*!40101 SET @saved_cs_client     = @@character_set_client */;
/*!50503 SET character_set_client = utf8mb4 */;
CREATE TABLE `data_types` (
  `id` int unsigned NOT NULL AUTO_INCREMENT,
  `name` varchar(255) CHARACTER SET utf8mb4 COLLATE utf8mb4_unicode_ci NOT NULL,
  `slug` varchar(255) CHARACTER SET utf8mb4 COLLATE utf8mb4_unicode_ci NOT NULL,
  `display_name_singular` varchar(255) CHARACTER SET utf8mb4 COLLATE utf8mb4_unicode_ci NOT NULL,
  `display_name_plural` varchar(255) CHARACTER SET utf8mb4 COLLATE utf8mb4_unicode_ci NOT NULL,
  `icon` varchar(255) CHARACTER SET utf8mb4 COLLATE utf8mb4_unicode_ci DEFAULT NULL,
  `model_name` varchar(255) CHARACTER SET utf8mb4 COLLATE utf8mb4_unicode_ci DEFAULT NULL,
  `policy_name` varchar(255) CHARACTER SET utf8mb4 COLLATE utf8mb4_unicode_ci DEFAULT NULL,
  `controller` varchar(255) CHARACTER SET utf8mb4 COLLATE utf8mb4_unicode_ci DEFAULT NULL,
  `description` varchar(255) CHARACTER SET utf8mb4 COLLATE utf8mb4_unicode_ci DEFAULT NULL,
  `generate_permissions` tinyint(1) NOT NULL DEFAULT '0',
  `server_side` tinyint NOT NULL DEFAULT '0',
  `details` text CHARACTER SET utf8mb4 COLLATE utf8mb4_unicode_ci,
  `created_at` timestamp NULL DEFAULT NULL,
  `updated_at` timestamp NULL DEFAULT NULL,
  PRIMARY KEY (`id`),
  UNIQUE KEY `data_types_name_unique` (`name`),
  UNIQUE KEY `data_types_slug_unique` (`slug`)
) ENGINE=InnoDB AUTO_INCREMENT=28 DEFAULT CHARSET=utf8mb4 COLLATE=utf8mb4_unicode_ci;
/*!40101 SET character_set_client = @saved_cs_client */;

--
-- Dumping data for table `data_types`
--

LOCK TABLES `data_types` WRITE;
/*!40000 ALTER TABLE `data_types` DISABLE KEYS */;
INSERT INTO `data_types` VALUES (1,'users','users','User','Users','voyager-person','TCG\\Voyager\\Models\\User','TCG\\Voyager\\Policies\\UserPolicy','TCG\\Voyager\\Http\\Controllers\\VoyagerUserController','',1,0,NULL,'2024-05-16 19:49:29','2024-05-16 19:49:29'),(2,'menus','menus','Menu','Menus','voyager-list','TCG\\Voyager\\Models\\Menu',NULL,'','',1,0,NULL,'2024-05-16 19:49:29','2024-05-16 19:49:29'),(3,'roles','roles','Role','Roles','voyager-lock','TCG\\Voyager\\Models\\Role',NULL,'TCG\\Voyager\\Http\\Controllers\\VoyagerRoleController','',1,0,NULL,'2024-05-16 19:49:29','2024-05-16 19:49:29'),(13,'pages','pages','Page','Pages',NULL,'TCG\\Voyager\\Models\\Page',NULL,NULL,NULL,1,0,'{\"order_column\":null,\"order_display_column\":null,\"order_direction\":\"asc\",\"default_search_key\":null,\"scope\":null}','2024-05-23 21:54:40','2024-05-23 22:00:36'),(15,'maps','maps','Map','Maps',NULL,'App\\Models\\Map',NULL,NULL,NULL,1,1,'{\"order_column\":null,\"order_display_column\":null,\"order_direction\":\"asc\",\"default_search_key\":null,\"scope\":null}','2024-07-01 11:39:14','2024-07-03 17:00:03'),(16,'servers','servers','Server','Servers',NULL,'App\\Models\\Server',NULL,NULL,NULL,1,1,'{\"order_column\":null,\"order_display_column\":null,\"order_direction\":\"asc\",\"default_search_key\":null,\"scope\":null}','2024-07-01 12:47:39','2024-07-01 19:45:04'),(17,'offer_servers','servers-vendre','Server vendre','Servers vendre',NULL,'App\\Models\\OfferServer',NULL,NULL,NULL,1,1,'{\"order_column\":null,\"order_display_column\":null,\"order_direction\":\"asc\",\"default_search_key\":null,\"scope\":null}','2024-07-01 18:53:34','2024-07-01 19:19:34'),(18,'testimonials','testimonials','Testimonial','Testimonials',NULL,'App\\Models\\Testimonial',NULL,NULL,NULL,1,1,'{\"order_column\":null,\"order_display_column\":null,\"order_direction\":\"asc\",\"default_search_key\":null}','2024-07-01 20:05:38','2024-07-01 20:05:38'),(19,'payments','payments','Payment','Payments',NULL,'App\\Models\\Payment',NULL,NULL,NULL,1,1,'{\"order_column\":null,\"order_display_column\":null,\"order_direction\":\"asc\",\"default_search_key\":null,\"scope\":null}','2024-07-03 16:17:14','2024-07-03 20:04:45'),(20,'offers','offers','Offer','Offers',NULL,'App\\Models\\Offer',NULL,NULL,NULL,1,1,'{\"order_column\":null,\"order_display_column\":null,\"order_direction\":\"asc\",\"default_search_key\":null,\"scope\":null}','2024-07-04 22:03:00','2024-07-04 22:11:41'),(21,'exchanges','exchanges','Exchange','Exchanges',NULL,'App\\Models\\Exchange',NULL,NULL,NULL,1,1,'{\"order_column\":null,\"order_display_column\":null,\"order_direction\":\"asc\",\"default_search_key\":null,\"scope\":null}','2024-07-05 16:42:35','2024-07-05 16:54:06'),(22,'orders','orders','Order','Orders',NULL,'App\\Models\\Order',NULL,NULL,NULL,1,1,'{\"order_column\":null,\"order_display_column\":null,\"order_direction\":\"asc\",\"default_search_key\":null,\"scope\":null}','2024-07-16 17:32:11','2024-07-20 11:08:53'),(26,'faqs','faqs','Faq','Faqs',NULL,'App\\Models\\faq',NULL,NULL,NULL,1,1,'{\"order_column\":null,\"order_display_column\":null,\"order_direction\":\"asc\",\"default_search_key\":null}','2024-07-20 18:33:34','2024-07-20 18:33:34'),(27,'newsletters','newsletters','Newsletter','Newsletters',NULL,'App\\Models\\Newsletter',NULL,NULL,NULL,1,1,'{\"order_column\":null,\"order_display_column\":null,\"order_direction\":\"asc\",\"default_search_key\":null}','2024-07-22 15:15:16','2024-07-22 15:15:16');
/*!40000 ALTER TABLE `data_types` ENABLE KEYS */;
UNLOCK TABLES;

--
-- Table structure for table `exchanges`
--

DROP TABLE IF EXISTS `exchanges`;
/*!40101 SET @saved_cs_client     = @@character_set_client */;
/*!50503 SET character_set_client = utf8mb4 */;
CREATE TABLE `exchanges` (
  `id` bigint unsigned NOT NULL AUTO_INCREMENT,
  `from_server` int unsigned NOT NULL,
  `to_server` int unsigned NOT NULL,
  `quantity` int unsigned NOT NULL,
  `from_name` char(50) CHARACTER SET utf8mb4 COLLATE utf8mb4_unicode_ci NOT NULL,
  `to_name` char(50) CHARACTER SET utf8mb4 COLLATE utf8mb4_unicode_ci NOT NULL,
  `status` char(50) COLLATE utf8mb4_unicode_ci NOT NULL DEFAULT 'pending',
  `quantity_get` char(250) CHARACTER SET utf8mb4 COLLATE utf8mb4_unicode_ci NOT NULL,
  `user_id` bigint unsigned DEFAULT NULL,
  `orderId` char(36) CHARACTER SET utf8mb4 COLLATE utf8mb4_unicode_ci NOT NULL,
  `created_at` timestamp NULL DEFAULT NULL,
  `updated_at` timestamp NULL DEFAULT NULL,
  PRIMARY KEY (`id`),
  KEY `exchanges_user_id_foreign` (`user_id`),
  CONSTRAINT `exchanges_user_id_foreign` FOREIGN KEY (`user_id`) REFERENCES `users` (`id`)
) ENGINE=InnoDB AUTO_INCREMENT=18 DEFAULT CHARSET=utf8mb4 COLLATE=utf8mb4_unicode_ci;
/*!40101 SET character_set_client = @saved_cs_client */;

--
-- Dumping data for table `exchanges`
--

LOCK TABLES `exchanges` WRITE;
/*!40000 ALTER TABLE `exchanges` DISABLE KEYS */;
INSERT INTO `exchanges` VALUES (1,7,12,100,'userfrom','userto','pending','44.44',1,'1','2024-07-05 15:28:16','2024-07-05 15:28:16'),(2,7,12,100,'userfrom','userto','pending','44.44',1,'1','2024-07-05 15:29:26','2024-07-05 15:29:26'),(3,7,12,200,'from','to','pending','88.88',1,'f1ohxm','2024-07-15 20:06:28','2024-07-15 20:06:28'),(4,7,12,200,'kjdwe','flerkm','canceled','133.32',1,'due3st','2024-07-15 20:10:20','2024-07-20 13:10:01'),(5,7,12,200,'froma','tob','completed','133.32',1,'peb0y0','2024-07-15 20:11:06','2024-07-20 13:09:35'),(6,9,12,500,'idTiliwin','idTylezia','pending','416.655',6,'772soa','2024-07-20 13:50:34','2024-07-20 13:50:34'),(7,12,11,150,'fromuser','touser','pending','199.995',6,'9cireo','2024-07-20 13:52:02','2024-07-20 13:52:02'),(8,7,12,100,'kdjnwek','dkjwend','canceled','66.66',1,'mjalm4','2024-07-20 19:06:58','2024-07-21 01:54:08'),(9,7,12,100,'userA','userB','completed','66.66',8,'a9g8k8','2024-07-20 22:09:40','2024-07-21 01:51:18'),(10,7,12,200,'from','to','completed','133.32',1,'6az0ca','2024-07-21 01:35:01','2024-07-21 01:35:20'),(11,7,12,100,'kjnwe','wjd','canceled','66.66',1,'74iwd7','2024-07-21 04:45:06','2024-07-21 15:45:03'),(12,9,12,100,'kjdn','akjhkaj','pending','83.325',1,'69ow1q','2024-07-22 13:34:14','2024-07-22 13:34:14'),(13,7,10,120,'userfrom','userto','pending','96.000',1,'hxs8qr','2024-07-22 15:59:50','2024-07-22 15:59:50'),(14,7,9,100,'from','to','pending','67.797',1,'8j8wz6','2024-07-22 16:20:36','2024-07-22 16:20:36'),(15,7,8,200,'from','tp','pending','161.616',1,'d3rzxw','2024-07-22 16:22:17','2024-07-22 16:22:17'),(16,7,12,100,'kjn','iuhw','pending','44.444',1,'ak467x','2024-07-22 16:24:22','2024-07-22 16:24:22'),(17,7,12,100,'dkwje','dwkjb','pending','44.444',1,'nbk3ms','2024-07-22 16:24:58','2024-07-22 16:24:58');
/*!40000 ALTER TABLE `exchanges` ENABLE KEYS */;
UNLOCK TABLES;

--
-- Table structure for table `failed_jobs`
--

DROP TABLE IF EXISTS `failed_jobs`;
/*!40101 SET @saved_cs_client     = @@character_set_client */;
/*!50503 SET character_set_client = utf8mb4 */;
CREATE TABLE `failed_jobs` (
  `id` bigint unsigned NOT NULL AUTO_INCREMENT,
  `uuid` varchar(255) CHARACTER SET utf8mb4 COLLATE utf8mb4_unicode_ci NOT NULL,
  `connection` text CHARACTER SET utf8mb4 COLLATE utf8mb4_unicode_ci NOT NULL,
  `queue` text CHARACTER SET utf8mb4 COLLATE utf8mb4_unicode_ci NOT NULL,
  `payload` longtext CHARACTER SET utf8mb4 COLLATE utf8mb4_unicode_ci NOT NULL,
  `exception` longtext CHARACTER SET utf8mb4 COLLATE utf8mb4_unicode_ci NOT NULL,
  `failed_at` timestamp NOT NULL DEFAULT CURRENT_TIMESTAMP,
  PRIMARY KEY (`id`),
  UNIQUE KEY `failed_jobs_uuid_unique` (`uuid`)
) ENGINE=InnoDB DEFAULT CHARSET=utf8mb4 COLLATE=utf8mb4_unicode_ci;
/*!40101 SET character_set_client = @saved_cs_client */;

--
-- Dumping data for table `failed_jobs`
--

LOCK TABLES `failed_jobs` WRITE;
/*!40000 ALTER TABLE `failed_jobs` DISABLE KEYS */;
/*!40000 ALTER TABLE `failed_jobs` ENABLE KEYS */;
UNLOCK TABLES;

--
-- Table structure for table `faqs`
--

DROP TABLE IF EXISTS `faqs`;
/*!40101 SET @saved_cs_client     = @@character_set_client */;
/*!50503 SET character_set_client = utf8mb4 */;
CREATE TABLE `faqs` (
  `id` bigint unsigned NOT NULL AUTO_INCREMENT,
  `question` char(250) COLLATE utf8mb4_unicode_ci DEFAULT NULL,
  `answer` text COLLATE utf8mb4_unicode_ci,
  `created_at` timestamp NULL DEFAULT NULL,
  `updated_at` timestamp NULL DEFAULT NULL,
  PRIMARY KEY (`id`)
) ENGINE=InnoDB AUTO_INCREMENT=4 DEFAULT CHARSET=utf8mb4 COLLATE=utf8mb4_unicode_ci;
/*!40101 SET character_set_client = @saved_cs_client */;

--
-- Dumping data for table `faqs`
--

LOCK TABLES `faqs` WRITE;
/*!40000 ALTER TABLE `faqs` DISABLE KEYS */;
INSERT INTO `faqs` VALUES (1,'Combien de temps prend la livraison ?','Après avoir créé votre compte, connecter vous et choisissez votre serveur et quantité de kamas souhaité, finalisez votre paiement et vous serez redirigé vers la page des commandes, un agent vous contactera pour livrer votre commande','2024-07-20 18:35:50','2024-07-20 18:35:50'),(2,'Comment puis-je obtenir mes Kamas ?','Après avoir créé votre compte, connecter vous et choisissez votre serveur et quantité de kamas souhaité, finalisez votre paiement et vous serez redirigé vers la page des commandes, un agent vous contactera pour livrer votre commande','2024-07-20 18:36:12','2024-07-20 18:36:12'),(3,'Comment passer une commande ?','Après avoir créé votre compte, connecter vous et choisissez votre serveur et quantité de kamas souhaité, finalisez votre paiement et vous serez redirigé vers la page des commandes, un agent vous contactera pour livrer votre commande','2024-07-20 18:36:33','2024-07-20 18:36:33');
/*!40000 ALTER TABLE `faqs` ENABLE KEYS */;
UNLOCK TABLES;

--
-- Table structure for table `maps`
--

DROP TABLE IF EXISTS `maps`;
/*!40101 SET @saved_cs_client     = @@character_set_client */;
/*!50503 SET character_set_client = utf8mb4 */;
CREATE TABLE `maps` (
  `id` bigint unsigned NOT NULL AUTO_INCREMENT,
  `name` varchar(255) CHARACTER SET utf8mb4 COLLATE utf8mb4_unicode_ci DEFAULT 'NULL',
  `url` varchar(255) CHARACTER SET utf8mb4 COLLATE utf8mb4_unicode_ci DEFAULT 'NULL',
  `created_at` timestamp NULL DEFAULT NULL,
  `updated_at` timestamp NULL DEFAULT NULL,
  PRIMARY KEY (`id`)
) ENGINE=InnoDB AUTO_INCREMENT=4 DEFAULT CHARSET=utf8mb4 COLLATE=utf8mb4_unicode_ci;
/*!40101 SET character_set_client = @saved_cs_client */;

--
-- Dumping data for table `maps`
--

LOCK TABLES `maps` WRITE;
/*!40000 ALTER TABLE `maps` DISABLE KEYS */;
INSERT INTO `maps` VALUES (1,'Classique','NULL','2024-07-01 12:29:49','2024-07-01 12:29:49'),(2,'Touch','NULL','2024-07-01 12:34:51','2024-07-01 12:34:51'),(3,'Retro','NULL','2024-07-01 12:35:44','2024-07-01 12:35:44');
/*!40000 ALTER TABLE `maps` ENABLE KEYS */;
UNLOCK TABLES;

--
-- Table structure for table `menu_items`
--

DROP TABLE IF EXISTS `menu_items`;
/*!40101 SET @saved_cs_client     = @@character_set_client */;
/*!50503 SET character_set_client = utf8mb4 */;
CREATE TABLE `menu_items` (
  `id` int unsigned NOT NULL AUTO_INCREMENT,
  `menu_id` int unsigned DEFAULT NULL,
  `title` varchar(255) CHARACTER SET utf8mb4 COLLATE utf8mb4_unicode_ci NOT NULL,
  `url` varchar(255) CHARACTER SET utf8mb4 COLLATE utf8mb4_unicode_ci NOT NULL,
  `target` varchar(255) CHARACTER SET utf8mb4 COLLATE utf8mb4_unicode_ci NOT NULL DEFAULT '_self',
  `icon_class` varchar(255) CHARACTER SET utf8mb4 COLLATE utf8mb4_unicode_ci DEFAULT NULL,
  `color` varchar(255) CHARACTER SET utf8mb4 COLLATE utf8mb4_unicode_ci DEFAULT NULL,
  `parent_id` int DEFAULT NULL,
  `order` int NOT NULL,
  `created_at` timestamp NULL DEFAULT NULL,
  `updated_at` timestamp NULL DEFAULT NULL,
  `route` varchar(255) CHARACTER SET utf8mb4 COLLATE utf8mb4_unicode_ci DEFAULT NULL,
  `parameters` text CHARACTER SET utf8mb4 COLLATE utf8mb4_unicode_ci,
  PRIMARY KEY (`id`),
  KEY `menu_items_menu_id_foreign` (`menu_id`),
  CONSTRAINT `menu_items_menu_id_foreign` FOREIGN KEY (`menu_id`) REFERENCES `menus` (`id`) ON DELETE CASCADE
) ENGINE=InnoDB AUTO_INCREMENT=35 DEFAULT CHARSET=utf8mb4 COLLATE=utf8mb4_unicode_ci;
/*!40101 SET character_set_client = @saved_cs_client */;

--
-- Dumping data for table `menu_items`
--

LOCK TABLES `menu_items` WRITE;
/*!40000 ALTER TABLE `menu_items` DISABLE KEYS */;
INSERT INTO `menu_items` VALUES (1,1,'Tableau de bord','','_self','layout-dashboard','#000000',NULL,1,'2024-05-16 19:49:30','2024-07-22 12:07:47','voyager.dashboard','null'),(3,1,'Utilisateurs','','_self','users','#000000',NULL,4,'2024-05-16 19:49:30','2024-07-22 12:07:01','voyager.users.index','null'),(4,1,'Les rôles','','_self','lock','#000000',NULL,3,'2024-05-16 19:49:30','2024-07-22 12:07:01','voyager.roles.index','null'),(5,1,'Outils','','_self','toggle-left','#000000',NULL,5,'2024-05-16 19:49:30','2024-07-22 12:07:01',NULL,''),(6,1,'Générateur de menus','','_self','settings','#000000',5,1,'2024-05-16 19:49:30','2024-07-21 18:07:37','voyager.menus.index','null'),(7,1,'Base de données','','_self','layout-grid','#000000',5,2,'2024-05-16 19:49:30','2024-07-22 12:07:01','voyager.database.index','null'),(8,1,'Compass','','_self','layout-navbar',NULL,5,3,'2024-05-16 19:49:30','2024-07-22 12:07:01','voyager.compass.index',NULL),(9,1,'BREAD','','_self','settings','#000000',5,4,'2024-05-16 19:49:30','2024-07-22 12:07:01','voyager.bread.index','null'),(10,1,'Paramètres','','_self','settings','#000000',NULL,6,'2024-05-16 19:49:30','2024-07-22 12:07:01','voyager.settings.index','null'),(18,1,'Médias','','_self','components','#000000',5,5,'2024-05-23 21:12:43','2024-07-22 12:07:01','voyager.media.index','null'),(23,1,'Les plans','','_self','hexagons','#000000',NULL,7,'2024-07-01 11:39:14','2024-07-22 12:07:01','voyager.maps.index','null'),(24,1,'Serveurs ( Achat )','','_self','server-2','#000000',NULL,8,'2024-07-01 12:47:40','2024-07-22 12:07:01','voyager.servers.index','null'),(25,1,'Serveurs ( Vendre )','','_self','server','#000000',NULL,9,'2024-07-01 18:53:35','2024-07-22 12:07:01','voyager.servers-vendre.index','null'),(26,1,'Témoignages','','_self','quote','#000000',NULL,10,'2024-07-01 20:05:38','2024-07-22 12:07:01','voyager.testimonials.index','null'),(27,1,'Modes de paiement','','_self','wallet','#000000',NULL,11,'2024-07-03 16:17:14','2024-07-22 12:07:01','voyager.payments.index','null'),(28,1,'Des offres','','_self','shopping-bag','#000000',NULL,12,'2024-07-04 22:03:00','2024-07-22 12:07:01','voyager.offers.index','null'),(29,1,'des échanges','','_self','arrows-exchange','#000000',NULL,13,'2024-07-05 16:42:35','2024-07-22 12:07:01','voyager.exchanges.index','null'),(30,1,'Les commandes','','_self','shopping-cart','#000000',NULL,14,'2024-07-16 17:32:11','2024-07-22 12:07:01','voyager.orders.index','null'),(32,1,'FAQ','','_self','message-circle-question','#000000',NULL,15,'2024-07-20 18:33:34','2024-07-22 12:07:01','voyager.faqs.index','null'),(33,1,'Page d\'accueil','','_blank','brand-google-home','#000000',NULL,2,'2024-07-22 12:06:47','2024-07-22 12:07:01','frontend.index',NULL),(34,1,'Newsletters','','_self','mailbox','#000000',NULL,16,'2024-07-22 15:15:16','2024-07-22 15:16:32','voyager.newsletters.index','null');
/*!40000 ALTER TABLE `menu_items` ENABLE KEYS */;
UNLOCK TABLES;

--
-- Table structure for table `menus`
--

DROP TABLE IF EXISTS `menus`;
/*!40101 SET @saved_cs_client     = @@character_set_client */;
/*!50503 SET character_set_client = utf8mb4 */;
CREATE TABLE `menus` (
  `id` int unsigned NOT NULL AUTO_INCREMENT,
  `name` varchar(255) CHARACTER SET utf8mb4 COLLATE utf8mb4_unicode_ci NOT NULL,
  `created_at` timestamp NULL DEFAULT NULL,
  `updated_at` timestamp NULL DEFAULT NULL,
  PRIMARY KEY (`id`),
  UNIQUE KEY `menus_name_unique` (`name`)
) ENGINE=InnoDB AUTO_INCREMENT=3 DEFAULT CHARSET=utf8mb4 COLLATE=utf8mb4_unicode_ci;
/*!40101 SET character_set_client = @saved_cs_client */;

--
-- Dumping data for table `menus`
--

LOCK TABLES `menus` WRITE;
/*!40000 ALTER TABLE `menus` DISABLE KEYS */;
INSERT INTO `menus` VALUES (1,'admin','2024-05-16 19:49:30','2024-05-16 19:49:30');
/*!40000 ALTER TABLE `menus` ENABLE KEYS */;
UNLOCK TABLES;

--
-- Table structure for table `migrations`
--

DROP TABLE IF EXISTS `migrations`;
/*!40101 SET @saved_cs_client     = @@character_set_client */;
/*!50503 SET character_set_client = utf8mb4 */;
CREATE TABLE `migrations` (
  `id` int unsigned NOT NULL AUTO_INCREMENT,
  `migration` varchar(255) CHARACTER SET utf8mb4 COLLATE utf8mb4_unicode_ci NOT NULL,
  `batch` int NOT NULL,
  PRIMARY KEY (`id`)
) ENGINE=InnoDB AUTO_INCREMENT=45 DEFAULT CHARSET=utf8mb4 COLLATE=utf8mb4_unicode_ci;
/*!40101 SET character_set_client = @saved_cs_client */;

--
-- Dumping data for table `migrations`
--

LOCK TABLES `migrations` WRITE;
/*!40000 ALTER TABLE `migrations` DISABLE KEYS */;
INSERT INTO `migrations` VALUES (1,'2014_10_12_000000_create_users_table',1),(2,'2014_10_12_100000_create_password_resets_table',1),(3,'2016_01_01_000000_add_voyager_user_fields',1),(4,'2016_01_01_000000_create_data_types_table',1),(5,'2016_05_19_173453_create_menu_table',1),(6,'2016_10_21_190000_create_roles_table',1),(7,'2016_10_21_190000_create_settings_table',1),(8,'2016_11_30_135954_create_permission_table',1),(9,'2016_11_30_141208_create_permission_role_table',1),(10,'2016_12_26_201236_data_types__add__server_side',1),(11,'2017_01_13_000000_add_route_to_menu_items_table',1),(12,'2017_01_14_005015_create_translations_table',1),(13,'2017_01_15_000000_make_table_name_nullable_in_permissions_table',1),(14,'2017_03_06_000000_add_controller_to_data_types_table',1),(15,'2017_04_21_000000_add_order_to_data_rows_table',1),(16,'2017_07_05_210000_add_policyname_to_data_types_table',1),(17,'2017_08_05_000000_add_group_to_settings_table',1),(18,'2017_11_26_013050_add_user_role_relationship',1),(19,'2017_11_26_015000_create_user_roles_table',1),(20,'2018_03_11_000000_add_user_settings',1),(21,'2018_03_14_000000_add_details_to_data_types_table',1),(22,'2018_03_16_000000_make_settings_value_nullable',1),(23,'2019_08_19_000000_create_failed_jobs_table',1),(24,'2019_12_14_000001_create_personal_access_tokens_table',1),(25,'2024_05_23_214211_create_pages_table',2),(26,'2024_06_16_072156_create_servers_table',3),(27,'2024_06_27_1719484087_create_maps_table',4),(28,'2024_06_27_1719484144_create_servers_table',5),(29,'2024_06_27_1719484195_create_offer_servers_table',5),(30,'2024_06_27_1719484215_create_exchanges_table',5),(31,'2024_06_27_1719484273_create_notifications_table',5),(34,'2024_06_27_1719484507_create_skrill_payments_table',5),(35,'2024_06_27_1719484532_create_subscription_items_table',5),(36,'2024_06_27_1719484553_create_subscriptions_table',5),(37,'2024_06_27_1719484568_create_testimonials_table',5),(38,'2024_07_03_161218_create_payments_table',6),(39,'2024_06_27_1719484314_create_offers_table',7),(40,'2024_06_27_1719484339_create_orders_table',8),(41,'2024_07_18_184611_create_payouts_table',9),(42,'2024_07_20_182920_create_faqs_table',10),(43,'2024_07_20_204806_add_currency_to_orders_table',11),(44,'2024_07_22_151234_create_newsletters_table',12);
/*!40000 ALTER TABLE `migrations` ENABLE KEYS */;
UNLOCK TABLES;

--
-- Table structure for table `newsletters`
--

DROP TABLE IF EXISTS `newsletters`;
/*!40101 SET @saved_cs_client     = @@character_set_client */;
/*!50503 SET character_set_client = utf8mb4 */;
CREATE TABLE `newsletters` (
  `id` bigint unsigned NOT NULL AUTO_INCREMENT,
  `email` char(50) COLLATE utf8mb4_unicode_ci NOT NULL,
  `created_at` timestamp NULL DEFAULT NULL,
  `updated_at` timestamp NULL DEFAULT NULL,
  PRIMARY KEY (`id`),
  UNIQUE KEY `newsletters_email_unique` (`email`)
) ENGINE=InnoDB AUTO_INCREMENT=3 DEFAULT CHARSET=utf8mb4 COLLATE=utf8mb4_unicode_ci;
/*!40101 SET character_set_client = @saved_cs_client */;

--
-- Dumping data for table `newsletters`
--

LOCK TABLES `newsletters` WRITE;
/*!40000 ALTER TABLE `newsletters` DISABLE KEYS */;
INSERT INTO `newsletters` VALUES (1,'dwjhdbwjhe@gmail.com','2024-07-22 15:35:40','2024-07-22 15:35:40'),(2,'ckjsdnkjn@gmail.com','2024-07-22 15:36:09','2024-07-22 15:36:09');
/*!40000 ALTER TABLE `newsletters` ENABLE KEYS */;
UNLOCK TABLES;

--
-- Table structure for table `notifications`
--

DROP TABLE IF EXISTS `notifications`;
/*!40101 SET @saved_cs_client     = @@character_set_client */;
/*!50503 SET character_set_client = utf8mb4 */;
CREATE TABLE `notifications` (
  `id` char(36) COLLATE utf8mb4_unicode_ci NOT NULL,
  `type` varchar(255) COLLATE utf8mb4_unicode_ci NOT NULL,
  `notifiable_type` varchar(255) COLLATE utf8mb4_unicode_ci NOT NULL,
  `notifiable_id` bigint unsigned NOT NULL,
  `data` text COLLATE utf8mb4_unicode_ci NOT NULL,
  `read_at` timestamp NULL DEFAULT NULL,
  `created_at` timestamp NULL DEFAULT NULL,
  `updated_at` timestamp NULL DEFAULT NULL,
  PRIMARY KEY (`id`),
  KEY `notifications_notifiable_type_notifiable_id_index` (`notifiable_type`,`notifiable_id`)
) ENGINE=InnoDB DEFAULT CHARSET=utf8mb4 COLLATE=utf8mb4_unicode_ci;
/*!40101 SET character_set_client = @saved_cs_client */;

--
-- Dumping data for table `notifications`
--

LOCK TABLES `notifications` WRITE;
/*!40000 ALTER TABLE `notifications` DISABLE KEYS */;
INSERT INTO `notifications` VALUES ('00808450-730a-4296-8082-49410203e96e','App\\Notifications\\OfferDilivered','App\\Models\\User',19,'{\"order_ref\":\"h0VdIUpN\",\"total\":\"911.200\",\"type\":\"Vendre\",\"date\":\"2024-06-26T17:31:00.000000Z\",\"status\":\"paye\"}',NULL,'2024-06-26 17:44:08','2024-06-26 17:44:08'),('0083b49b-a38a-44de-b09f-4a78b5e07fa0','App\\Notifications\\NewOffer','App\\Models\\User',5,'{\"order_ref\":\"foyoftTs\",\"total\":\"176\",\"type\":\"Vendre\",\"date\":\"2024-06-06T17:37:57.000000Z\",\"status\":\"en cours\"}',NULL,'2024-06-06 17:37:58','2024-06-06 17:37:58'),('00dbd74e-8017-45b5-9d04-06377259cd40','App\\Notifications\\NewOffer','App\\Models\\User',1,'{\"order_ref\":\"uozAktZQ\",\"total\":\"320\",\"type\":\"Vendre\",\"date\":\"2024-06-06T17:26:27.000000Z\",\"status\":\"en cours\"}','2024-07-21 19:51:54','2024-06-06 17:26:28','2024-07-21 19:51:54'),('014d0007-34b8-4fde-b143-e36e6e96357f','App\\Notifications\\NewOffer','App\\Models\\User',28,'{\"order_ref\":\"b3IuqtvT\",\"total\":\"4477.2\",\"type\":\"Vendre\",\"date\":\"2024-06-02T15:40:12.000000Z\",\"status\":\"en cours\"}',NULL,'2024-06-02 15:40:13','2024-06-02 15:40:13'),('0164d0c1-34e9-4dbd-9af3-b9a2f9019124','App\\Notifications\\OrderWaitShipping','App\\Models\\User',5,'{\"order_ref\":\"JSOiiu8G\",\"total\":\"9.68\",\"type\":\"Achat\",\"date\":\"2024-06-02T14:52:37.000000Z\",\"status\":\"En cours de livraison\"}',NULL,'2024-06-02 14:54:21','2024-06-02 14:54:21'),('01db95c5-93f4-4799-9145-7e2b8bd74dda','App\\Notifications\\NewFreshOrder','App\\Models\\User',62,'{\"order_ref\":\"Bhjq4yrF\",\"total\":\"40.38\",\"type\":\"Achat\",\"date\":\"2024-06-12T15:31:34.000000Z\",\"status\":\"V\\u00e9rification du paiement\"}',NULL,'2024-06-12 15:34:45','2024-06-12 15:34:45'),('022203a9-0f87-46f8-ad6c-8fedd10a41df','App\\Notifications\\NewOffer','App\\Models\\User',29,'{\"order_ref\":\"cSOHnFix\",\"total\":1820,\"type\":\"Vendre\",\"date\":\"2024-06-14T13:27:20.000000Z\",\"status\":\"en cours\"}',NULL,'2024-06-14 13:27:21','2024-06-14 13:27:21'),('02fc1801-b6c0-4c08-920a-e977c7a344ae','App\\Notifications\\NewOffer','App\\Models\\User',27,'{\"order_ref\":\"k5yAPjRM\",\"total\":20.225,\"type\":\"Vendre\",\"date\":\"2024-07-09T15:29:06.000000Z\",\"status\":\"en cours\"}',NULL,'2024-07-09 15:29:06','2024-07-09 15:29:06'),('032743a4-1797-4d10-a7df-aa8a54cb8147','App\\Notifications\\NewOffer','App\\Models\\User',39,'{\"order_ref\":\"vfZgdl9c\",\"total\":\"3112.2\",\"type\":\"Vendre\",\"date\":\"2024-06-11T10:48:11.000000Z\",\"status\":\"en cours\"}',NULL,'2024-06-11 10:48:12','2024-06-11 10:48:12'),('032d4657-f731-4391-8212-b208e5928069','App\\Notifications\\NewOffer','App\\Models\\User',68,'{\"order_ref\":\"GReUuRWy\",\"total\":1196,\"type\":\"Vendre\",\"date\":\"2024-07-10T12:39:21.000000Z\",\"status\":\"en cours\"}',NULL,'2024-07-10 12:39:22','2024-07-10 12:39:22'),('03d06ec7-533c-403f-a657-a4c5b8d72cc3','App\\Notifications\\NewOffer','App\\Models\\User',29,'{\"order_ref\":\"cydr4uN7\",\"total\":\"2300\",\"type\":\"Vendre\",\"date\":\"2024-06-06T07:40:50.000000Z\",\"status\":\"en cours\"}',NULL,'2024-06-06 07:40:50','2024-06-06 07:40:50'),('0455e1f0-c996-4017-b0a1-58c2d71499c2','App\\Notifications\\NewOffer','App\\Models\\User',28,'{\"order_ref\":\"b1JRLY7T\",\"total\":\"3707.6\",\"type\":\"Vendre\",\"date\":\"2024-06-06T11:02:10.000000Z\",\"status\":\"en cours\"}',NULL,'2024-06-06 11:02:16','2024-06-06 11:02:16'),('04fd0989-8dcc-4b79-b1db-0f0d7e4519b9','App\\Notifications\\OfferDilivered','App\\Models\\User',29,'{\"order_ref\":\"IhOiucHG\",\"total\":\"1820.00\",\"type\":\"Vendre\",\"date\":\"2024-06-05T12:23:59.000000Z\",\"status\":\"paye\"}',NULL,'2024-06-05 12:41:17','2024-06-05 12:41:17'),('06d9326f-421a-4a61-a958-2433a40964f4','App\\Notifications\\NewFreshOrder','App\\Models\\User',37,'{\"order_ref\":\"GX1vTbiP\",\"total\":\"21.63\",\"type\":\"Achat\",\"date\":\"2024-06-03T22:47:17.000000Z\",\"status\":\"V\\u00e9rification du paiement\"}','2024-07-20 18:11:04','2024-06-03 22:47:40','2024-07-20 18:11:04'),('06e28c39-209d-42dc-9425-3a848ce8f00b','App\\Notifications\\OfferDilivered','App\\Models\\User',23,'{\"order_ref\":\"gkxRkwWo\",\"total\":\"382.700\",\"type\":\"Vendre\",\"date\":\"2024-07-10T18:24:26.000000Z\",\"status\":\"paye\"}',NULL,'2024-07-10 18:43:17','2024-07-10 18:43:17'),('0702c0fc-3a6a-4365-b3ef-3ba3dbe1361e','App\\Notifications\\NewOffer','App\\Models\\User',48,'{\"order_ref\":\"lCt1pHUQ\",\"total\":\"27.599999999999998\",\"type\":\"Vendre\",\"date\":\"2024-06-06T20:40:15.000000Z\",\"status\":\"en cours\"}',NULL,'2024-06-06 20:40:16','2024-06-06 20:40:16'),('079b0034-8f69-4236-b104-5eac79687383','App\\Notifications\\NewOffer','App\\Models\\User',20,'{\"order_ref\":\"Y6qGWjtm\",\"total\":\"300.2\",\"type\":\"Vendre\",\"date\":\"2024-06-03T22:34:27.000000Z\",\"status\":\"en cours\"}',NULL,'2024-06-03 22:34:28','2024-06-03 22:34:28'),('07b48206-1a8a-4f85-b9c7-947c9320e354','App\\Notifications\\OfferDilivered','App\\Models\\User',65,'{\"order_ref\":\"Yc5kidD8\",\"total\":\"996.000\",\"type\":\"Vendre\",\"date\":\"2024-06-14T20:22:20.000000Z\",\"status\":\"paye\"}',NULL,'2024-06-14 20:39:34','2024-06-14 20:39:34'),('080444ec-d3d5-405b-9565-d78836ec980b','App\\Notifications\\NewOffer','App\\Models\\User',5,'{\"order_ref\":\"1Yxt16je\",\"total\":\"217\",\"type\":\"Vendre\",\"date\":\"2024-06-12T17:11:22.000000Z\",\"status\":\"en cours\"}',NULL,'2024-06-12 17:11:23','2024-06-12 17:11:23'),('0831ea8c-9215-411c-8aef-e75999ca986c','App\\Notifications\\NewOffer','App\\Models\\User',1,'{\"order_ref\":\"dlowl1\",\"total\":65,\"type\":\"Vendre\",\"date\":\"2024-07-22T12:43:23.000000Z\",\"status\":\"en cours\"}',NULL,'2024-07-22 12:43:33','2024-07-22 12:43:33'),('08b8c72c-131c-4dbd-a4db-36583e00d5af','App\\Notifications\\OfferDilivered','App\\Models\\User',50,'{\"order_ref\":\"z0y1AEGO\",\"total\":\"400.00\",\"type\":\"Vendre\",\"date\":\"2024-06-07T16:18:05.000000Z\",\"status\":\"paye\"}',NULL,'2024-06-07 16:36:51','2024-06-07 16:36:51'),('08edeb86-1e5a-4245-bf17-21996745ec20','App\\Notifications\\NewOffer','App\\Models\\User',37,'{\"order_ref\":\"RcyAxyJw\",\"total\":\"64\",\"type\":\"Vendre\",\"date\":\"2024-06-08T19:04:31.000000Z\",\"status\":\"en cours\"}',NULL,'2024-06-08 19:04:31','2024-06-08 19:04:31'),('096877ea-bfed-4a81-9ef0-81129e2aa253','App\\Notifications\\OfferDilivered','App\\Models\\User',29,'{\"order_ref\":\"puMkzLps\",\"total\":\"1820.00\",\"type\":\"Vendre\",\"date\":\"2024-06-04T10:42:57.000000Z\",\"status\":\"paye\"}',NULL,'2024-06-04 10:55:27','2024-06-04 10:55:27'),('09fbf89f-fc9c-42b8-a642-bebb50060863','App\\Notifications\\NewOffer','App\\Models\\User',5,'{\"order_ref\":\"u52ucZgb\",\"total\":\"208\",\"type\":\"Vendre\",\"date\":\"2024-06-10T14:53:20.000000Z\",\"status\":\"en cours\"}',NULL,'2024-06-10 14:53:20','2024-06-10 14:53:20'),('0b0b6243-9bbd-4950-9569-c169285d7a04','App\\Notifications\\NewOffer','App\\Models\\User',23,'{\"order_ref\":\"gkxRkwWo\",\"total\":382.7,\"type\":\"Vendre\",\"date\":\"2024-07-10T18:24:26.000000Z\",\"status\":\"en cours\"}',NULL,'2024-07-10 18:24:26','2024-07-10 18:24:26'),('0b220e6a-061f-498d-a01f-891b2a93b723','App\\Notifications\\OrderDilivered','App\\Models\\User',14,'{\"order_ref\":\"3T5J1XHU\",\"total\":\"36.98\",\"type\":\"Achat\",\"date\":\"2024-05-31T21:56:20.000000Z\",\"status\":\"Livr\\u00e9\"}',NULL,'2024-05-31 22:20:47','2024-05-31 22:20:47'),('0be0ba5e-fdfe-4326-9e7a-78dc9110fe4e','App\\Notifications\\OfferDilivered','App\\Models\\User',43,'{\"order_ref\":\"8a7IykJP\",\"total\":\"220.000\",\"type\":\"Vendre\",\"date\":\"2024-06-19T16:28:56.000000Z\",\"status\":\"paye\"}',NULL,'2024-06-19 17:20:30','2024-06-19 17:20:30'),('0bf585ba-3ca8-4820-a973-fbfe3e9d3da3','App\\Notifications\\OrderCancelled','App\\Models\\User',12,'{\"order_ref\":\"hAOwhKOj\",\"total\":\"41.90\",\"type\":\"Achat\",\"date\":\"2024-05-30T21:02:01.000000Z\",\"status\":\"Annul\\u00e9e\"}',NULL,'2024-05-30 21:03:25','2024-05-30 21:03:25'),('0bf591b9-0e93-4be7-84bd-5fc6826352de','App\\Notifications\\NewOffer','App\\Models\\User',29,'{\"order_ref\":\"ilAaeFtD\",\"total\":1080,\"type\":\"Vendre\",\"date\":\"2024-07-10T17:13:34.000000Z\",\"status\":\"en cours\"}',NULL,'2024-07-10 17:13:34','2024-07-10 17:13:34'),('0d5ee111-990f-4c9d-a047-9c6ea988eecc','App\\Notifications\\OrderDilivered','App\\Models\\User',26,'{\"order_ref\":\"JH2iGAhw\",\"total\":\"151.410\",\"type\":\"Achat\",\"date\":\"2024-06-27T15:12:17.000000Z\",\"status\":\"Livr\\u00e9\"}',NULL,'2024-06-27 16:50:25','2024-06-27 16:50:25'),('0e9528ae-74b5-4352-b1b4-85f2c31d68b2','App\\Notifications\\NewOffer','App\\Models\\User',89,'{\"order_ref\":\"vrDLJbcJ\",\"total\":869.999,\"type\":\"Vendre\",\"date\":\"2024-07-01T10:32:03.000000Z\",\"status\":\"en cours\"}',NULL,'2024-07-01 10:32:03','2024-07-01 10:32:03'),('0ef2a33a-9487-42de-b682-3cd6be036d12','App\\Notifications\\NewFreshOrder','App\\Models\\User',1,'{\"order_ref\":null,\"total\":582.926,\"type\":\"Achat\",\"date\":\"2024-07-21T00:58:28.000000Z\",\"status\":\"V\\u00e9rification du paiement\"}',NULL,'2024-07-21 00:58:32','2024-07-21 00:58:32'),('0f3b03bd-e190-4d99-8a87-16a4438893da','App\\Notifications\\NewOffer','App\\Models\\User',15,'{\"order_ref\":\"M48VQUyw\",\"total\":\"270\",\"type\":\"Vendre\",\"date\":\"2024-06-13T12:15:12.000000Z\",\"status\":\"en cours\"}',NULL,'2024-06-13 12:15:13','2024-06-13 12:15:13'),('0f46244d-be6e-4032-b802-113ae5788e0b','App\\Notifications\\OfferDilivered','App\\Models\\User',23,'{\"order_ref\":\"DpK4rNp1\",\"total\":\"919.999\",\"type\":\"Vendre\",\"date\":\"2024-06-15T19:16:52.000000Z\",\"status\":\"paye\"}',NULL,'2024-06-15 19:43:06','2024-06-15 19:43:06'),('0fd53f62-c356-4d86-bd46-9e9f82f64c49','App\\Notifications\\NewOffer','App\\Models\\User',65,'{\"order_ref\":\"IsqqQ9td\",\"total\":608,\"type\":\"Vendre\",\"date\":\"2024-06-18T22:50:19.000000Z\",\"status\":\"en cours\"}',NULL,'2024-06-18 22:50:20','2024-06-18 22:50:20'),('0fe32fb4-8d32-4b7e-8615-9311b08a80e6','App\\Notifications\\NewOffer','App\\Models\\User',1,'{\"order_ref\":\"5vh11m\",\"total\":130,\"type\":\"Vendre\",\"date\":\"2024-07-22T13:25:12.000000Z\",\"status\":\"en cours\"}',NULL,'2024-07-22 13:25:15','2024-07-22 13:25:15'),('103981f6-22f1-4377-9d09-b6118c3f4253','App\\Notifications\\NewFreshOrder','App\\Models\\User',56,'{\"order_ref\":\"da0roxCS\",\"total\":\"48.480\",\"type\":\"Achat\",\"date\":\"2024-06-20T13:03:57.000000Z\",\"status\":\"V\\u00e9rification du paiement\"}',NULL,'2024-06-20 13:04:06','2024-06-20 13:04:06'),('119c2f70-11d4-4f55-b4f8-b2f603d2eb2a','App\\Notifications\\OfferDilivered','App\\Models\\User',15,'{\"order_ref\":\"8jaTGgLO\",\"total\":\"646.00\",\"type\":\"Vendre\",\"date\":\"2024-06-02T07:59:29.000000Z\",\"status\":\"paye\"}',NULL,'2024-06-02 09:03:55','2024-06-02 09:03:55'),('11d94265-1d03-4a54-bf67-741536605484','App\\Notifications\\OrderDilivered','App\\Models\\User',26,'{\"order_ref\":\"1X7wkTwk\",\"total\":\"141.315\",\"type\":\"Achat\",\"date\":\"2024-06-27T17:14:13.000000Z\",\"status\":\"Livr\\u00e9\"}',NULL,'2024-06-27 17:42:08','2024-06-27 17:42:08'),('12509dcf-46c9-47f2-83fc-e784325a829e','App\\Notifications\\NewOffer','App\\Models\\User',1,'{\"order_ref\":\"1l3zyo\",\"total\":130,\"type\":\"Vendre\",\"date\":\"2024-07-22T12:49:03.000000Z\",\"status\":\"en cours\"}',NULL,'2024-07-22 12:49:09','2024-07-22 12:49:09'),('1281646d-4b3c-49a9-9746-3918d824cbc9','App\\Notifications\\NewOffer','App\\Models\\User',1,'{\"order_ref\":\"s0dygy\",\"total\":130,\"type\":\"Vendre\",\"date\":\"2024-07-22T16:13:10.000000Z\",\"status\":\"en cours\"}',NULL,'2024-07-22 16:13:12','2024-07-22 16:13:12'),('151f7f7c-34d2-4e7b-9cba-5dd7cb72e90a','App\\Notifications\\NewOffer','App\\Models\\User',5,'{\"order_ref\":\"XEt6Dlv3\",\"total\":\"0\",\"type\":\"Vendre\",\"date\":\"2024-06-06T17:36:46.000000Z\",\"status\":\"en cours\"}',NULL,'2024-06-06 17:36:46','2024-06-06 17:36:46'),('160258e0-92a5-4b3f-a7b0-6ec8133c1de0','App\\Notifications\\NewOffer','App\\Models\\User',29,'{\"order_ref\":\"0R4BBfm0\",\"total\":1092,\"type\":\"Vendre\",\"date\":\"2024-07-08T15:57:38.000000Z\",\"status\":\"en cours\"}',NULL,'2024-07-08 15:57:39','2024-07-08 15:57:39'),('163b31cc-aaf0-4d99-865d-a542bacd3f96','App\\Notifications\\OfferDilivered','App\\Models\\User',70,'{\"order_ref\":\"yxEvoP5e\",\"total\":\"224.000\",\"type\":\"Vendre\",\"date\":\"2024-06-19T10:23:22.000000Z\",\"status\":\"paye\"}',NULL,'2024-06-19 10:39:57','2024-06-19 10:39:57'),('17071669-9489-421b-8c7c-38ffd0dd2444','App\\Notifications\\OrderCancelled','App\\Models\\User',1,'{\"order_ref\":\"50qqat\",\"total\":\"582.926\",\"type\":\"Achat\",\"date\":\"2024-07-21T00:56:43.000000Z\",\"status\":\"main.cancelled\"}',NULL,'2024-07-21 01:30:53','2024-07-21 01:30:53'),('17410232-b2b5-4d2d-a68a-8edc458f2bd5','App\\Notifications\\NewFreshOrder','App\\Models\\User',4,'{\"order_ref\":\"S4RJDD5g\",\"total\":\"45.00\",\"type\":\"Achat\",\"date\":\"2024-05-29T20:51:46.000000Z\",\"status\":\"V\\u00e9rification du paiement\"}',NULL,'2024-05-29 20:52:11','2024-05-29 20:52:11'),('178c9bba-bd71-41b4-bb0d-7dfbb4678364','App\\Notifications\\NewOffer','App\\Models\\User',59,'{\"order_ref\":\"xr3wMTiQ\",\"total\":\"155\",\"type\":\"Vendre\",\"date\":\"2024-06-11T10:39:27.000000Z\",\"status\":\"en cours\"}',NULL,'2024-06-11 10:39:28','2024-06-11 10:39:28'),('17ddd4a4-6c86-4c98-8990-c9ce85ce7251','App\\Notifications\\NewOffer','App\\Models\\User',5,'{\"order_ref\":\"khgM3ymP\",\"total\":\"217\",\"type\":\"Vendre\",\"date\":\"2024-06-12T17:11:20.000000Z\",\"status\":\"en cours\"}',NULL,'2024-06-12 17:11:21','2024-06-12 17:11:21'),('19768ba8-1973-484e-abf9-010500a69b04','App\\Notifications\\OrderDilivered','App\\Models\\User',1,'{\"order_ref\":\"klnpy0\",\"total\":\"524.249\",\"type\":\"Achat\",\"date\":\"2024-07-21T01:00:37.000000Z\",\"status\":\"main.delivered\"}',NULL,'2024-07-21 01:11:16','2024-07-21 01:11:16'),('19d5cbde-50aa-4e10-9e2c-cfbf3986e46c','App\\Notifications\\OfferDilivered','App\\Models\\User',27,'{\"order_ref\":\"kJCtKxpk\",\"total\":\"19.775\",\"type\":\"Vendre\",\"date\":\"2024-07-01T12:51:17.000000Z\",\"status\":\"paye\"}',NULL,'2024-07-01 13:06:57','2024-07-01 13:06:57'),('1b2c9b97-7153-4ae0-9a9e-958088ff8855','App\\Notifications\\NewOffer','App\\Models\\User',30,'{\"order_ref\":\"IXBZGt3r\",\"total\":\"1000.5\",\"type\":\"Vendre\",\"date\":\"2024-06-06T13:13:29.000000Z\",\"status\":\"en cours\"}',NULL,'2024-06-06 13:13:33','2024-06-06 13:13:33'),('1b9bac80-0ee2-44a6-8b6f-401999b3f85e','App\\Notifications\\OfferDilivered','App\\Models\\User',23,'{\"order_ref\":\"TTbJ0RJj\",\"total\":\"309.400\",\"type\":\"Vendre\",\"date\":\"2024-07-01T15:59:37.000000Z\",\"status\":\"paye\"}',NULL,'2024-07-01 16:22:29','2024-07-01 16:22:29'),('1c5c44b3-d107-4744-bb74-882bf188f4df','App\\Notifications\\OrderCancelled','App\\Models\\User',8,'{\"order_ref\":\"mjur2ANm\",\"total\":\"45.00\",\"type\":\"Achat\",\"date\":\"2024-05-30T04:25:11.000000Z\",\"status\":\"Annul\\u00e9e\"}',NULL,'2024-05-30 17:25:57','2024-05-30 17:25:57'),('1cec1d8f-a0f5-4df5-a0b1-763a43745b44','App\\Notifications\\NewOffer','App\\Models\\User',34,'{\"order_ref\":\"VvchGgG7\",\"total\":\"847\",\"type\":\"Vendre\",\"date\":\"2024-06-03T15:26:36.000000Z\",\"status\":\"en cours\"}',NULL,'2024-06-03 15:26:36','2024-06-03 15:26:36'),('1dd58525-3c98-42dd-bc9f-c71b9a5be4a8','App\\Notifications\\OfferDilivered','App\\Models\\User',28,'{\"order_ref\":\"MDldkDF2\",\"total\":\"1170.00\",\"type\":\"Vendre\",\"date\":\"2024-06-02T15:30:47.000000Z\",\"status\":\"paye\"}',NULL,'2024-06-02 15:38:47','2024-06-02 15:38:47'),('1dd5c0f8-9dc0-4746-a3c9-1aea5c132ef5','App\\Notifications\\OfferDilivered','App\\Models\\User',27,'{\"order_ref\":\"SNOIgamZ\",\"total\":\"29.05\",\"type\":\"Vendre\",\"date\":\"2024-06-02T15:24:38.000000Z\",\"status\":\"paye\"}',NULL,'2024-06-02 15:34:13','2024-06-02 15:34:13'),('1e65a072-f77f-4e3e-861d-1e0181110b94','App\\Notifications\\NewFreshOrder','App\\Models\\User',1,'{\"order_ref\":\"klnpy0\",\"total\":524.249,\"type\":\"Achat\",\"date\":\"2024-07-21T01:00:37.000000Z\",\"status\":\"V\\u00e9rification du paiement\"}',NULL,'2024-07-21 01:00:40','2024-07-21 01:00:40'),('1f0df2bf-3d59-4c06-8e54-4ec6efb76550','App\\Notifications\\OfferDilivered','App\\Models\\User',92,'{\"order_ref\":\"6eEjumFj\",\"total\":\"1701.700\",\"type\":\"Vendre\",\"date\":\"2024-07-02T19:15:57.000000Z\",\"status\":\"paye\"}',NULL,'2024-07-02 19:27:13','2024-07-02 19:27:13'),('1f5ec810-ca29-4181-9f67-713b6a283a0a','App\\Notifications\\NewFreshOrder','App\\Models\\User',7,'{\"order_ref\":\"ik6lTfl0\",\"total\":\"45.00\",\"type\":\"Achat\",\"date\":\"2024-05-29T21:15:42.000000Z\",\"status\":\"V\\u00e9rification du paiement\"}',NULL,'2024-05-29 21:19:13','2024-05-29 21:19:13'),('1f7d82e1-03f2-466f-bdf8-aa3043fa626a','App\\Notifications\\OfferDilivered','App\\Models\\User',78,'{\"order_ref\":\"MMwCVopD\",\"total\":\"350.200\",\"type\":\"Vendre\",\"date\":\"2024-06-23T23:14:24.000000Z\",\"status\":\"paye\"}',NULL,'2024-06-24 09:23:27','2024-06-24 09:23:27'),('1fa9519b-5f73-4d5d-bdee-18785439cb41','App\\Notifications\\NewFreshOrder','App\\Models\\User',54,'{\"order_ref\":\"rRuw7XhE\",\"total\":\"71.40\",\"type\":\"Achat\",\"date\":\"2024-06-10T07:27:04.000000Z\",\"status\":\"V\\u00e9rification du paiement\"}',NULL,'2024-06-10 07:28:44','2024-06-10 07:28:44'),('1fab0eb7-6239-4a07-94b2-79d6301e9b64','App\\Notifications\\OrderDilivered','App\\Models\\User',1,'{\"order_ref\":\"juvx50\",\"total\":\"51.397\",\"type\":\"Achat\",\"date\":\"2024-07-22T17:05:50.000000Z\",\"status\":\"main.delivered\"}',NULL,'2024-07-22 17:08:36','2024-07-22 17:08:36'),('1fd48095-e22c-434e-ad3f-5c90ff5b5c73','App\\Notifications\\NewFreshOrder','App\\Models\\User',5,'{\"order_ref\":\"JSOiiu8G\",\"total\":\"9.68\",\"type\":\"Achat\",\"date\":\"2024-06-02T14:52:37.000000Z\",\"status\":\"V\\u00e9rification du paiement\"}',NULL,'2024-06-02 14:52:58','2024-06-02 14:52:58'),('21586165-2aee-4363-a805-3369be599975','App\\Notifications\\NewOffer','App\\Models\\User',19,'{\"order_ref\":\"x7GvL2lP\",\"total\":400.2,\"type\":\"Vendre\",\"date\":\"2024-07-11T22:21:50.000000Z\",\"status\":\"en cours\"}',NULL,'2024-07-11 22:21:50','2024-07-11 22:21:50'),('21952836-5541-456c-99ba-682c926cd187','App\\Notifications\\NewFreshOrder','App\\Models\\User',85,'{\"order_ref\":\"VWd0X6KE\",\"total\":\"19.200\",\"type\":\"Achat\",\"date\":\"2024-06-27T23:16:41.000000Z\",\"status\":\"V\\u00e9rification du paiement\"}',NULL,'2024-06-27 23:21:18','2024-06-27 23:21:18'),('22259b0f-426f-49f0-976a-5f07e809ce08','App\\Notifications\\NewOffer','App\\Models\\User',43,'{\"order_ref\":\"KlPGScV9\",\"total\":1249.6,\"type\":\"Vendre\",\"date\":\"2024-06-21T21:48:44.000000Z\",\"status\":\"en cours\"}',NULL,'2024-06-21 21:48:45','2024-06-21 21:48:45'),('22419fd7-f9b8-4b9f-a4b0-13a115a0acc4','App\\Notifications\\OrderDilivered','App\\Models\\User',71,'{\"order_ref\":\"wGeh6r6J\",\"total\":\"19.400\",\"type\":\"Achat\",\"date\":\"2024-06-19T09:37:15.000000Z\",\"status\":\"Livr\\u00e9\"}',NULL,'2024-06-19 11:35:54','2024-06-19 11:35:54'),('23f25352-2b4d-4194-9ddc-a6cea5a1f2cd','App\\Notifications\\NewFreshOrder','App\\Models\\User',26,'{\"order_ref\":\"1X7wkTwk\",\"total\":\"141.315\",\"type\":\"Achat\",\"date\":\"2024-06-27T17:14:13.000000Z\",\"status\":\"V\\u00e9rification du paiement\"}',NULL,'2024-06-27 17:14:18','2024-06-27 17:14:18'),('2417d382-7e63-4469-a391-1017144b5d3f','App\\Notifications\\OfferDilivered','App\\Models\\User',28,'{\"order_ref\":\"4UesfiAn\",\"total\":\"4354.20\",\"type\":\"Vendre\",\"date\":\"2024-06-02T16:17:51.000000Z\",\"status\":\"paye\"}',NULL,'2024-06-02 16:30:43','2024-06-02 16:30:43'),('2447d37b-d86e-43b2-a158-35bca0ed8f03','App\\Notifications\\NewOffer','App\\Models\\User',23,'{\"order_ref\":\"TTbJ0RJj\",\"total\":309.4,\"type\":\"Vendre\",\"date\":\"2024-07-01T15:59:37.000000Z\",\"status\":\"en cours\"}',NULL,'2024-07-01 15:59:37','2024-07-01 15:59:37'),('24d902c6-0e1e-40c1-a9c7-2b3bef62efe0','App\\Notifications\\NewOffer','App\\Models\\User',5,'{\"order_ref\":\"ujqdsNcU\",\"total\":\"819.9999999999999\",\"type\":\"Vendre\",\"date\":\"2024-06-06T20:41:32.000000Z\",\"status\":\"en cours\"}',NULL,'2024-06-06 20:41:32','2024-06-06 20:41:32'),('281b1fe3-12b7-4b42-89fa-67f44d851058','App\\Notifications\\OfferDilivered','App\\Models\\User',1,'{\"order_ref\":\"ehqkt0\",\"total\":\"195.000\",\"type\":\"Vendre\",\"date\":\"2024-07-21T01:17:54.000000Z\",\"status\":\"paye\"}',NULL,'2024-07-21 01:28:28','2024-07-21 01:28:28'),('285c046f-c574-4e6e-b987-f0b73334c71d','App\\Notifications\\NewFreshOrder','App\\Models\\User',71,'{\"order_ref\":\"wGeh6r6J\",\"total\":\"19.400\",\"type\":\"Achat\",\"date\":\"2024-06-19T09:37:15.000000Z\",\"status\":\"V\\u00e9rification du paiement\"}',NULL,'2024-06-19 09:38:22','2024-06-19 09:38:22'),('28e5d43a-5d20-4170-b532-a678e98cfefc','App\\Notifications\\NewOffer','App\\Models\\User',97,'{\"order_ref\":\"bJAJfENx\",\"total\":1449,\"type\":\"Vendre\",\"date\":\"2024-07-12T19:42:41.000000Z\",\"status\":\"en cours\"}',NULL,'2024-07-12 19:42:42','2024-07-12 19:42:42'),('2b8af74c-c9b4-4fa6-b9cd-fd677687331b','App\\Notifications\\OrderCancelled','App\\Models\\User',1,'{\"order_ref\":\"833glz\",\"total\":\"582.926\",\"type\":\"Achat\",\"date\":\"2024-07-21T00:56:11.000000Z\",\"status\":\"main.cancelled\"}',NULL,'2024-07-21 01:33:27','2024-07-21 01:33:27'),('2e36ef55-bfdd-43a5-b4b7-882f3d7495d1','App\\Notifications\\NewFreshOrder','App\\Models\\User',9,'{\"order_ref\":\"AMIIlwl2\",\"total\":\"46.35\",\"type\":\"Achat\",\"date\":\"2024-05-30T10:45:55.000000Z\",\"status\":\"V\\u00e9rification du paiement\"}',NULL,'2024-05-30 10:46:01','2024-05-30 10:46:01'),('2ef1f345-e02c-445e-a476-3e982b38d5f8','App\\Notifications\\NewOffer','App\\Models\\User',46,'{\"order_ref\":\"kUVHlIg2\",\"total\":26.78,\"type\":\"Vendre\",\"date\":\"2024-07-03T09:20:28.000000Z\",\"status\":\"en cours\"}',NULL,'2024-07-03 09:20:29','2024-07-03 09:20:29'),('2f87eb07-6690-4fe2-81bc-d08b49bb2e15','App\\Notifications\\NewOffer','App\\Models\\User',101,'{\"order_ref\":\"U8xfsQzD\",\"total\":562.8,\"type\":\"Vendre\",\"date\":\"2024-07-11T08:10:01.000000Z\",\"status\":\"en cours\"}',NULL,'2024-07-11 08:10:01','2024-07-11 08:10:01'),('30010d56-02e6-40fb-8687-3d2a2c7ee889','App\\Notifications\\OfferDilivered','App\\Models\\User',21,'{\"order_ref\":\"06ecAKif\",\"total\":\"5764.20\",\"type\":\"Vendre\",\"date\":\"2024-06-01T23:38:57.000000Z\",\"status\":\"paye\"}',NULL,'2024-06-01 23:53:07','2024-06-01 23:53:07'),('30123ee0-fe13-472e-bc81-e998a133d499','App\\Notifications\\NewOffer','App\\Models\\User',1,'{\"order_ref\":\"nctto1\",\"total\":130,\"type\":\"Vendre\",\"date\":\"2024-07-22T13:24:03.000000Z\",\"status\":\"en cours\"}',NULL,'2024-07-22 13:24:06','2024-07-22 13:24:06'),('30634874-5230-4336-a2a4-e440801bbd7a','App\\Notifications\\NewOffer','App\\Models\\User',29,'{\"order_ref\":\"5ZI0sXBq\",\"total\":2888.799,\"type\":\"Vendre\",\"date\":\"2024-06-15T16:03:44.000000Z\",\"status\":\"en cours\"}',NULL,'2024-06-15 16:03:45','2024-06-15 16:03:45'),('30aeed37-f6e1-4b9a-acd3-168665dcb93f','App\\Notifications\\OrderWaitShipping','App\\Models\\User',9,'{\"order_ref\":\"AMIIlwl2\",\"total\":\"46.35\",\"type\":\"Achat\",\"date\":\"2024-05-30T10:45:55.000000Z\",\"status\":\"En cours de livraison\"}',NULL,'2024-05-30 10:49:13','2024-05-30 10:49:13'),('30d1f3b3-5559-489d-a7a4-48846d3cee6d','App\\Notifications\\OfferDilivered','App\\Models\\User',89,'{\"order_ref\":\"vrDLJbcJ\",\"total\":\"869.999\",\"type\":\"Vendre\",\"date\":\"2024-07-01T10:32:03.000000Z\",\"status\":\"paye\"}',NULL,'2024-07-01 11:54:44','2024-07-01 11:54:44'),('314ef715-60ea-4f48-9726-54c6598e7558','App\\Notifications\\NewOffer','App\\Models\\User',5,'{\"order_ref\":\"OoswVJXu\",\"total\":\"134.4\",\"type\":\"Vendre\",\"date\":\"2024-06-10T14:58:37.000000Z\",\"status\":\"en cours\"}',NULL,'2024-06-10 14:58:38','2024-06-10 14:58:38'),('31e90967-6af8-4db5-8063-2c64e631ef4c','App\\Notifications\\NewOffer','App\\Models\\User',65,'{\"order_ref\":\"GIAnDftV\",\"total\":509.2,\"type\":\"Vendre\",\"date\":\"2024-06-18T22:14:11.000000Z\",\"status\":\"en cours\"}',NULL,'2024-06-18 22:14:12','2024-06-18 22:14:12'),('32603497-52a7-483b-8f1b-33ea4836c479','App\\Notifications\\NewOffer','App\\Models\\User',37,'{\"order_ref\":\"eBl5Utom\",\"total\":\"71.505\",\"type\":\"Vendre\",\"date\":\"2024-06-03T23:24:43.000000Z\",\"status\":\"en cours\"}',NULL,'2024-06-03 23:24:44','2024-06-03 23:24:44'),('332750af-94a5-43dd-a4ba-d4eac2ecad3c','App\\Notifications\\NewOffer','App\\Models\\User',89,'{\"order_ref\":\"9acEDk2y\",\"total\":1620,\"type\":\"Vendre\",\"date\":\"2024-07-13T09:51:42.000000Z\",\"status\":\"en cours\"}',NULL,'2024-07-13 09:51:42','2024-07-13 09:51:42'),('347ffcf9-c934-4bfd-8449-cd3ce0a53123','App\\Notifications\\OrderDilivered','App\\Models\\User',26,'{\"order_ref\":\"uURn95NU\",\"total\":\"14.21\",\"type\":\"Achat\",\"date\":\"2024-06-04T21:09:09.000000Z\",\"status\":\"Livr\\u00e9\"}',NULL,'2024-06-04 21:21:33','2024-06-04 21:21:33'),('34c8a329-e02f-4ad6-83af-6482bd45605d','App\\Notifications\\NewOffer','App\\Models\\User',4,'{\"order_ref\":\"RsURyd1M\",\"total\":\"77.5\",\"type\":\"Vendre\",\"date\":\"2024-05-27T00:08:34.000000Z\",\"status\":\"en cours\"}',NULL,'2024-05-27 00:08:35','2024-05-27 00:08:35'),('35613a24-ac7e-4cc4-9622-d2afa4aa1fb4','App\\Notifications\\OfferDilivered','App\\Models\\User',39,'{\"order_ref\":\"ri1K4QCF\",\"total\":\"3680.00\",\"type\":\"Vendre\",\"date\":\"2024-06-11T17:18:30.000000Z\",\"status\":\"paye\"}',NULL,'2024-06-11 17:41:00','2024-06-11 17:41:00'),('35b677a0-c529-455b-954a-fb4344e23ade','App\\Notifications\\NewOffer','App\\Models\\User',19,'{\"order_ref\":\"Zh0p5fXY\",\"total\":\"601.25\",\"type\":\"Vendre\",\"date\":\"2024-06-01T23:27:37.000000Z\",\"status\":\"en cours\"}',NULL,'2024-06-01 23:27:37','2024-06-01 23:27:37'),('35cfd300-40c3-4f9d-ae55-f7f9493a7dc7','App\\Notifications\\OfferDilivered','App\\Models\\User',34,'{\"order_ref\":\"VvchGgG7\",\"total\":\"847.00\",\"type\":\"Vendre\",\"date\":\"2024-06-03T15:26:36.000000Z\",\"status\":\"paye\"}',NULL,'2024-06-03 15:59:58','2024-06-03 15:59:58'),('363e0903-9185-433c-8ff5-de3639913109','App\\Notifications\\OrderDilivered','App\\Models\\User',26,'{\"order_ref\":\"HfPxUIIt\",\"total\":\"48.41\",\"type\":\"Achat\",\"date\":\"2024-06-02T12:36:59.000000Z\",\"status\":\"Livr\\u00e9\"}',NULL,'2024-06-02 13:32:09','2024-06-02 13:32:09'),('375dbaa5-e9c2-498a-9e87-a3422e1733b5','App\\Notifications\\NewFreshOrder','App\\Models\\User',5,'{\"order_ref\":\"uLIbkcP0\",\"total\":\"21.21\",\"type\":\"Achat\",\"date\":\"2024-06-03T17:20:31.000000Z\",\"status\":\"V\\u00e9rification du paiement\"}',NULL,'2024-06-03 17:20:35','2024-06-03 17:20:35'),('3777b2dd-cf8c-4616-8399-5eaf62f8b158','App\\Notifications\\OfferDilivered','App\\Models\\User',23,'{\"order_ref\":\"gqZlJlIQ\",\"total\":\"2024.00\",\"type\":\"Vendre\",\"date\":\"2024-06-03T21:13:18.000000Z\",\"status\":\"paye\"}',NULL,'2024-06-03 21:29:31','2024-06-03 21:29:31'),('37d1b919-6af8-4340-94ba-bad83b2a6a0a','App\\Notifications\\NewOffer','App\\Models\\User',19,'{\"order_ref\":\"h0VdIUpN\",\"total\":911.2,\"type\":\"Vendre\",\"date\":\"2024-06-26T17:31:00.000000Z\",\"status\":\"en cours\"}',NULL,'2024-06-26 17:31:00','2024-06-26 17:31:00'),('38e9c4b9-efc3-4365-91e8-cca16ba0bf81','App\\Notifications\\NewOffer','App\\Models\\User',68,'{\"order_ref\":\"mzjm8vi1\",\"total\":1820,\"type\":\"Vendre\",\"date\":\"2024-06-16T14:56:52.000000Z\",\"status\":\"en cours\"}',NULL,'2024-06-16 14:56:52','2024-06-16 14:56:52'),('3917112b-5437-4089-99fe-8f0ff4a0154f','App\\Notifications\\NewFreshOrder','App\\Models\\User',5,'{\"order_ref\":\"EAABo5dE\",\"total\":\"9.49\",\"type\":\"Achat\",\"date\":\"2024-06-02T14:55:41.000000Z\",\"status\":\"V\\u00e9rification du paiement\"}',NULL,'2024-06-02 14:56:01','2024-06-02 14:56:01'),('39a021e1-a4f1-44ab-b730-cd075a83b1cd','App\\Notifications\\NewOffer','App\\Models\\User',29,'{\"order_ref\":\"5JXsQHck\",\"total\":919.999,\"type\":\"Vendre\",\"date\":\"2024-07-09T19:45:27.000000Z\",\"status\":\"en cours\"}',NULL,'2024-07-09 19:45:27','2024-07-09 19:45:27'),('3aa51742-5fea-4dee-81f2-6a974ec31793','App\\Notifications\\OrderDilivered','App\\Models\\User',71,'{\"order_ref\":\"q46i862g\",\"total\":\"19.400\",\"type\":\"Achat\",\"date\":\"2024-06-19T09:07:53.000000Z\",\"status\":\"Livr\\u00e9\"}',NULL,'2024-06-19 09:28:31','2024-06-19 09:28:31'),('3ad506f2-97e8-4069-9544-19b7d52251aa','App\\Notifications\\OfferDilivered','App\\Models\\User',30,'{\"order_ref\":\"po8WyMPE\",\"total\":\"891.00\",\"type\":\"Vendre\",\"date\":\"2024-06-02T16:37:05.000000Z\",\"status\":\"paye\"}',NULL,'2024-06-02 16:56:52','2024-06-02 16:56:52'),('3b51ee80-aa38-40a8-978a-d06d87f29965','App\\Notifications\\OfferDilivered','App\\Models\\User',15,'{\"order_ref\":\"M48VQUyw\",\"total\":\"270.00\",\"type\":\"Vendre\",\"date\":\"2024-06-13T12:15:12.000000Z\",\"status\":\"paye\"}',NULL,'2024-06-13 12:28:36','2024-06-13 12:28:36'),('3bf370fe-3411-40f6-8446-5bd09cf53f41','App\\Notifications\\NewOffer','App\\Models\\User',19,'{\"order_ref\":\"FeGDX0wj\",\"total\":588.2,\"type\":\"Vendre\",\"date\":\"2024-07-13T13:36:24.000000Z\",\"status\":\"en cours\"}',NULL,'2024-07-13 13:36:25','2024-07-13 13:36:25'),('3cd35b4e-83f4-44ae-9e5c-b2dc3ad61a45','App\\Notifications\\NewFreshOrder','App\\Models\\User',26,'{\"order_ref\":\"DuxirZ3G\",\"total\":\"111.033\",\"type\":\"Achat\",\"date\":\"2024-06-18T14:24:44.000000Z\",\"status\":\"V\\u00e9rification du paiement\"}',NULL,'2024-06-18 14:42:54','2024-06-18 14:42:54'),('3d9e3096-5ce4-42ba-9e72-3985d13b9cb8','App\\Notifications\\OfferDilivered','App\\Models\\User',19,'{\"order_ref\":\"FeGDX0wj\",\"total\":\"588.200\",\"type\":\"Vendre\",\"date\":\"2024-07-13T13:36:24.000000Z\",\"status\":\"paye\"}',NULL,'2024-07-13 13:42:59','2024-07-13 13:42:59'),('3e9a4ab7-0cf5-4407-bdd8-9754a2c46fd7','App\\Notifications\\NewOffer','App\\Models\\User',30,'{\"order_ref\":\"6xCwiZKq\",\"total\":\"330\",\"type\":\"Vendre\",\"date\":\"2024-06-03T11:32:58.000000Z\",\"status\":\"en cours\"}',NULL,'2024-06-03 11:32:59','2024-06-03 11:32:59'),('3ee854c8-20ac-4f34-a019-98cb32e22d04','App\\Notifications\\OfferDilivered','App\\Models\\User',23,'{\"order_ref\":\"LeOpZBBW\",\"total\":\"545.600\",\"type\":\"Vendre\",\"date\":\"2024-07-18T21:22:36.000000Z\",\"status\":\"paye\"}',NULL,'2024-07-18 21:30:29','2024-07-18 21:30:29'),('3eee9942-980e-4224-bd40-3056ad31a965','App\\Notifications\\NewOffer','App\\Models\\User',49,'{\"order_ref\":\"RvRruafx\",\"total\":\"607.1999999999999\",\"type\":\"Vendre\",\"date\":\"2024-06-10T14:05:45.000000Z\",\"status\":\"en cours\"}',NULL,'2024-06-10 14:05:47','2024-06-10 14:05:47'),('3faad19d-b9ad-4a0b-8c0d-eacf4152d9ee','App\\Notifications\\NewFreshOrder','App\\Models\\User',12,'{\"order_ref\":\"hAOwhKOj\",\"total\":\"41.90\",\"type\":\"Achat\",\"date\":\"2024-05-30T21:02:01.000000Z\",\"status\":\"V\\u00e9rification du paiement\"}',NULL,'2024-05-30 21:02:56','2024-05-30 21:02:56'),('41cb2c29-489f-4a36-81eb-d4731c5b1037','App\\Notifications\\NewOffer','App\\Models\\User',5,'{\"order_ref\":\"tLFEabfD\",\"total\":\"176\",\"type\":\"Vendre\",\"date\":\"2024-06-06T17:38:21.000000Z\",\"status\":\"en cours\"}',NULL,'2024-06-06 17:38:22','2024-06-06 17:38:22'),('42d17bb7-3973-4ece-80ad-2abc98cc81d8','App\\Notifications\\OrderWaitShipping','App\\Models\\User',5,'{\"order_ref\":\"EAABo5dE\",\"total\":\"9.49\",\"type\":\"Achat\",\"date\":\"2024-06-02T14:55:41.000000Z\",\"status\":\"En cours de livraison\"}',NULL,'2024-06-02 16:03:31','2024-06-02 16:03:31'),('4363b0c4-0872-494a-98ed-870e94ac0945','App\\Notifications\\NewFreshOrder','App\\Models\\User',1,'{\"order_ref\":\"a1u38i\",\"total\":49.9,\"type\":\"Achat\",\"date\":\"2024-07-22T12:57:12.000000Z\",\"status\":\"V\\u00e9rification du paiement\"}',NULL,'2024-07-22 12:57:17','2024-07-22 12:57:17'),('4461234c-4274-480f-b446-393a54ba259c','App\\Notifications\\OfferDilivered','App\\Models\\User',30,'{\"order_ref\":\"IXBZGt3r\",\"total\":\"1000.50\",\"type\":\"Vendre\",\"date\":\"2024-06-06T13:13:29.000000Z\",\"status\":\"paye\"}',NULL,'2024-06-06 13:30:52','2024-06-06 13:30:52'),('446d32e7-05f5-4ee6-a8d8-8cc13544ac8b','App\\Notifications\\OrderDilivered','App\\Models\\User',1,'{\"order_ref\":\"tde6ei\",\"total\":\"539.668\",\"type\":\"Achat\",\"date\":\"2024-07-22T12:39:20.000000Z\",\"status\":\"main.delivered\"}',NULL,'2024-07-22 12:42:12','2024-07-22 12:42:12'),('44b7ef8f-ed0b-428a-bdb8-1a91e948b614','App\\Notifications\\OfferDilivered','App\\Models\\User',19,'{\"order_ref\":\"mbppuVAE\",\"total\":\"401.360\",\"type\":\"Vendre\",\"date\":\"2024-07-16T12:37:57.000000Z\",\"status\":\"paye\"}',NULL,'2024-07-16 12:44:58','2024-07-16 12:44:58'),('44d3307c-9212-411c-b77b-4fa90191228f','App\\Notifications\\OfferDilivered','App\\Models\\User',49,'{\"order_ref\":\"YIIQ90sw\",\"total\":\"607.20\",\"type\":\"Vendre\",\"date\":\"2024-06-10T14:42:39.000000Z\",\"status\":\"paye\"}',NULL,'2024-06-10 14:59:53','2024-06-10 14:59:53'),('44ec3245-7a9d-441d-9b29-a237c41a5bcf','App\\Notifications\\OrderDilivered','App\\Models\\User',5,'{\"order_ref\":\"JSOiiu8G\",\"total\":\"9.68\",\"type\":\"Achat\",\"date\":\"2024-06-02T14:52:37.000000Z\",\"status\":\"Livr\\u00e9\"}',NULL,'2024-06-02 14:55:24','2024-06-02 14:55:24'),('45e9cf71-fb64-4561-a776-48dc8c21f522','App\\Notifications\\NewOffer','App\\Models\\User',40,'{\"order_ref\":\"ZJLkvMLi\",\"total\":\"298.2975\",\"type\":\"Vendre\",\"date\":\"2024-06-05T02:52:18.000000Z\",\"status\":\"en cours\"}',NULL,'2024-06-05 02:52:18','2024-06-05 02:52:18'),('487a5ca3-9117-4c32-87a0-3b30b33c4f31','App\\Notifications\\OrderDilivered','App\\Models\\User',26,'{\"order_ref\":\"DuxirZ3G\",\"total\":\"111.033\",\"type\":\"Achat\",\"date\":\"2024-06-18T14:24:44.000000Z\",\"status\":\"Livr\\u00e9\"}',NULL,'2024-06-27 15:35:19','2024-06-27 15:35:19'),('49cade06-601c-40e9-b169-49e3d0daf80d','App\\Notifications\\OrderCancelled','App\\Models\\User',5,'{\"order_ref\":\"5C3N8zuW\",\"total\":\"9.68\",\"type\":\"Achat\",\"date\":\"2024-06-03T17:02:00.000000Z\",\"status\":\"Annul\\u00e9e\"}',NULL,'2024-06-03 17:33:55','2024-06-03 17:33:55'),('4a6c5d3c-7af5-42cc-b678-1c34b4753be2','App\\Notifications\\NewOffer','App\\Models\\User',23,'{\"order_ref\":\"w5r7TIXj\",\"total\":309.4,\"type\":\"Vendre\",\"date\":\"2024-07-02T15:05:30.000000Z\",\"status\":\"en cours\"}',NULL,'2024-07-02 15:05:30','2024-07-02 15:05:30'),('4b5aa539-7631-4529-a6f8-87900199d5b4','App\\Notifications\\NewFreshOrder','App\\Models\\User',1,'{\"order_ref\":\"d2dyk6\",\"total\":55.516,\"type\":\"Achat\",\"date\":\"2024-07-22T16:11:18.000000Z\",\"status\":\"V\\u00e9rification du paiement\"}',NULL,'2024-07-22 16:11:20','2024-07-22 16:11:20'),('4ca73857-4a63-4262-ba77-1b1fb13c1d90','App\\Notifications\\OfferDilivered','App\\Models\\User',19,'{\"order_ref\":\"ht17rurI\",\"total\":\"434.75\",\"type\":\"Vendre\",\"date\":\"2024-06-08T15:26:51.000000Z\",\"status\":\"paye\"}',NULL,'2024-06-08 15:45:23','2024-06-08 15:45:23'),('4cd80827-fa82-4038-a60a-5b9a84c8439b','App\\Notifications\\OfferDilivered','App\\Models\\User',39,'{\"order_ref\":\"LUtO48AT\",\"total\":\"2001.00\",\"type\":\"Vendre\",\"date\":\"2024-06-05T21:21:13.000000Z\",\"status\":\"paye\"}',NULL,'2024-06-05 21:30:11','2024-06-05 21:30:11'),('4ce5afa8-df8f-4028-865e-bb6289c1c041','App\\Notifications\\OrderWaitShipping','App\\Models\\User',26,'{\"order_ref\":\"JH2iGAhw\",\"total\":\"151.410\",\"type\":\"Achat\",\"date\":\"2024-06-27T15:12:17.000000Z\",\"status\":\"En cours de livraison\"}',NULL,'2024-06-27 15:36:50','2024-06-27 15:36:50'),('4ce96723-82d7-45b5-92bf-63dcbec8a2ad','App\\Notifications\\NewOffer','App\\Models\\User',1,'{\"order_ref\":\"qi4fw4\",\"total\":130,\"type\":\"Vendre\",\"date\":\"2024-07-22T13:22:55.000000Z\",\"status\":\"en cours\"}',NULL,'2024-07-22 13:22:58','2024-07-22 13:22:58'),('4d02478d-d0ab-458f-882c-5fa5bbe97fbe','App\\Notifications\\NewFreshOrder','App\\Models\\User',7,'{\"order_ref\":\"8Uh3jdV9\",\"total\":\"45.00\",\"type\":\"Achat\",\"date\":\"2024-05-29T21:05:54.000000Z\",\"status\":\"V\\u00e9rification du paiement\"}',NULL,'2024-05-29 21:08:02','2024-05-29 21:08:02'),('4e3f31b2-0cd1-42fd-85a2-615b44638d8e','App\\Notifications\\OrderDilivered','App\\Models\\User',1,'{\"order_ref\":\"tqm9jw\",\"total\":\"54.978\",\"type\":\"Achat\",\"date\":\"2024-07-21T03:36:26.000000Z\",\"status\":\"main.delivered\"}',NULL,'2024-07-21 15:27:49','2024-07-21 15:27:49'),('4e64e40e-83b5-4788-bda5-0249dafb8534','App\\Notifications\\OfferDilivered','App\\Models\\User',19,'{\"order_ref\":\"Zh0p5fXY\",\"total\":\"601.25\",\"type\":\"Vendre\",\"date\":\"2024-06-01T23:27:37.000000Z\",\"status\":\"paye\"}',NULL,'2024-06-01 23:48:09','2024-06-01 23:48:09'),('4e853ce0-d05a-43ca-b3f6-38159415e6a6','App\\Notifications\\EchangeCompleted','App\\Models\\User',8,'{\"order_ref\":\"a9g8k8\",\"total\":null,\"type\":\"Vendre\",\"date\":\"2024-07-20T22:09:40.000000Z\",\"status\":\"paye\",\"route\":\"http:\\/\\/localhost\\/dashboard\\/exchanges\"}',NULL,'2024-07-21 01:51:47','2024-07-21 01:51:47'),('4ead553a-bdff-40bc-821c-6ac17f2ebf42','App\\Notifications\\NewOffer','App\\Models\\User',27,'{\"order_ref\":\"jh0r58DZ\",\"total\":19.55,\"type\":\"Vendre\",\"date\":\"2024-06-26T13:14:00.000000Z\",\"status\":\"en cours\"}',NULL,'2024-06-26 13:14:04','2024-06-26 13:14:04'),('4eae894d-6aab-4512-9b83-dd02666107ea','App\\Notifications\\NewOffer','App\\Models\\User',27,'{\"order_ref\":\"AKHiuT9d\",\"total\":19.55,\"type\":\"Vendre\",\"date\":\"2024-06-26T13:13:46.000000Z\",\"status\":\"en cours\"}',NULL,'2024-06-26 13:13:50','2024-06-26 13:13:50'),('513e4e8f-72ea-4ff5-b5f9-a003a883c48b','App\\Notifications\\NewOffer','App\\Models\\User',30,'{\"order_ref\":\"hEIgFftx\",\"total\":\"330\",\"type\":\"Vendre\",\"date\":\"2024-06-03T11:32:58.000000Z\",\"status\":\"en cours\"}',NULL,'2024-06-03 11:32:58','2024-06-03 11:32:58'),('5239e5a1-73d4-404c-a845-65449e1261e0','App\\Notifications\\NewOffer','App\\Models\\User',43,'{\"order_ref\":\"8a7IykJP\",\"total\":220,\"type\":\"Vendre\",\"date\":\"2024-06-19T16:28:56.000000Z\",\"status\":\"en cours\"}',NULL,'2024-06-19 16:28:57','2024-06-19 16:28:57'),('5251955c-8e60-4dd5-af79-7bcb6b785408','App\\Notifications\\NewOffer','App\\Models\\User',27,'{\"order_ref\":\"9lcEMrBW\",\"total\":19.775,\"type\":\"Vendre\",\"date\":\"2024-07-11T15:37:00.000000Z\",\"status\":\"en cours\"}',NULL,'2024-07-11 15:37:00','2024-07-11 15:37:00'),('52935f9c-0bfe-4c79-ab7d-2e01a361ccc5','App\\Notifications\\OrderCancelled','App\\Models\\User',1,'{\"order_ref\":\"bvwqn6\",\"total\":\"50.897\",\"type\":\"Achat\",\"date\":\"2024-07-21T03:35:42.000000Z\",\"status\":\"main.cancelled\"}',NULL,'2024-07-21 15:43:50','2024-07-21 15:43:50'),('53532344-099b-4615-81df-def282ac8c8f','App\\Notifications\\OfferDilivered','App\\Models\\User',20,'{\"order_ref\":\"cYFCvpS7\",\"total\":\"522.60\",\"type\":\"Vendre\",\"date\":\"2024-06-01T23:47:16.000000Z\",\"status\":\"paye\"}',NULL,'2024-06-02 00:14:13','2024-06-02 00:14:13'),('53bf6bae-5a70-4b36-bbc9-45baa26f49c9','App\\Notifications\\OrderWaitShipping','App\\Models\\User',26,'{\"order_ref\":\"uURn95NU\",\"total\":\"14.21\",\"type\":\"Achat\",\"date\":\"2024-06-04T21:09:09.000000Z\",\"status\":\"En cours de livraison\"}',NULL,'2024-06-04 21:21:08','2024-06-04 21:21:08'),('5442d020-94d5-4ec8-bbf8-05896f035bc3','App\\Notifications\\OfferDilivered','App\\Models\\User',19,'{\"order_ref\":\"Z5GjivWt\",\"total\":\"400.40\",\"type\":\"Vendre\",\"date\":\"2024-06-06T23:18:55.000000Z\",\"status\":\"paye\"}',NULL,'2024-06-06 23:38:39','2024-06-06 23:38:39'),('554b409f-de02-46c5-8177-14da63379763','App\\Notifications\\NewOffer','App\\Models\\User',23,'{\"order_ref\":\"DpK4rNp1\",\"total\":919.999,\"type\":\"Vendre\",\"date\":\"2024-06-15T19:16:52.000000Z\",\"status\":\"en cours\"}',NULL,'2024-06-15 19:16:53','2024-06-15 19:16:53'),('55796e64-0e27-4d68-ac49-0a6201107fa5','App\\Notifications\\OrderDilivered','App\\Models\\User',1,'{\"order_ref\":\"klnpy0\",\"total\":\"524.249\",\"type\":\"Achat\",\"date\":\"2024-07-21T01:00:37.000000Z\",\"status\":\"main.delivered\"}',NULL,'2024-07-21 01:10:03','2024-07-21 01:10:03'),('55fe4dc4-57b5-4d13-8a92-04e3a065cd0a','App\\Notifications\\NewOffer','App\\Models\\User',47,'{\"order_ref\":\"jZWkW1eC\",\"total\":780,\"type\":\"Vendre\",\"date\":\"2024-06-26T17:45:42.000000Z\",\"status\":\"en cours\"}',NULL,'2024-06-26 17:45:42','2024-06-26 17:45:42'),('5773b691-b1c4-47eb-931c-6ed0ac3483b1','App\\Notifications\\NewOffer','App\\Models\\User',21,'{\"order_ref\":\"EMMObqtN\",\"total\":1700,\"type\":\"Vendre\",\"date\":\"2024-07-11T22:26:39.000000Z\",\"status\":\"en cours\"}',NULL,'2024-07-11 22:26:40','2024-07-11 22:26:40'),('57e037ed-114b-414c-8fdd-09d783315ef6','App\\Notifications\\NewFreshOrder','App\\Models\\User',60,'{\"order_ref\":\"hEBGaxvR\",\"total\":\"270.00\",\"type\":\"Achat\",\"date\":\"2024-06-11T15:36:36.000000Z\",\"status\":\"V\\u00e9rification du paiement\"}',NULL,'2024-06-11 15:36:48','2024-06-11 15:36:48'),('58655e40-775e-46f1-bcb5-70ad1f05358d','App\\Notifications\\NewOffer','App\\Models\\User',21,'{\"order_ref\":\"06ecAKif\",\"total\":\"5764.200000000001\",\"type\":\"Vendre\",\"date\":\"2024-06-01T23:38:57.000000Z\",\"status\":\"en cours\"}',NULL,'2024-06-01 23:38:57','2024-06-01 23:38:57'),('58fac7ba-fc75-46f3-a1fa-19550a2d0d1c','App\\Notifications\\OrderWaitShipping','App\\Models\\User',26,'{\"order_ref\":\"GJ5p56tH\",\"total\":\"14.21\",\"type\":\"Achat\",\"date\":\"2024-06-07T16:47:50.000000Z\",\"status\":\"En cours de livraison\"}',NULL,'2024-06-07 17:01:19','2024-06-07 17:01:19'),('59bfa8a5-7d22-4dcf-9fd3-de5d10faea2f','App\\Notifications\\NewFreshOrder','App\\Models\\User',4,'{\"order_ref\":\"UrQhEmo4\",\"total\":\"148.00\",\"type\":\"Achat\",\"date\":\"2024-05-27T00:02:43.000000Z\",\"status\":\"V\\u00e9rification du paiement\"}',NULL,'2024-05-27 00:03:00','2024-05-27 00:03:00'),('5a6bfa88-6f78-43e9-aa47-c6eb34597d11','App\\Notifications\\OfferDilivered','App\\Models\\User',39,'{\"order_ref\":\"mpISNj4n\",\"total\":\"720.000\",\"type\":\"Vendre\",\"date\":\"2024-07-03T09:07:50.000000Z\",\"status\":\"paye\"}',NULL,'2024-07-03 09:19:16','2024-07-03 09:19:16'),('5b9a65a9-f789-45ec-85e8-d111249f6e58','App\\Notifications\\NewOffer','App\\Models\\User',5,'{\"order_ref\":\"BM0MxzRF\",\"total\":\"477\",\"type\":\"Vendre\",\"date\":\"2024-06-06T19:32:11.000000Z\",\"status\":\"en cours\"}',NULL,'2024-06-06 19:32:12','2024-06-06 19:32:12'),('5bfead9d-a851-44e8-8e9a-39b3d3da538a','App\\Notifications\\NewOffer','App\\Models\\User',1,'{\"order_ref\":\"lo8755Hc\",\"total\":\"96\",\"type\":\"Vendre\",\"date\":\"2024-06-10T14:52:52.000000Z\",\"status\":\"en cours\"}',NULL,'2024-06-10 14:52:52','2024-06-10 14:52:52'),('5c2b6b03-43cc-49ac-b54c-d8f8beeecc81','App\\Notifications\\NewOffer','App\\Models\\User',4,'{\"order_ref\":\"sur7Urod\",\"total\":\"186\",\"type\":\"Vendre\",\"date\":\"2024-05-27T00:07:05.000000Z\",\"status\":\"en cours\"}',NULL,'2024-05-27 00:07:06','2024-05-27 00:07:06'),('5c557615-f14e-40a9-b080-5d55dfc80dbc','App\\Notifications\\NewFreshOrder','App\\Models\\User',5,'{\"order_ref\":\"VQnhcrjf\",\"total\":\"5.14\",\"type\":\"Achat\",\"date\":\"2024-05-28T18:07:32.000000Z\",\"status\":\"V\\u00e9rification du paiement\"}',NULL,'2024-05-28 18:07:47','2024-05-28 18:07:47'),('5e5663c5-1745-4dcd-9e18-8fe4ea8074b0','App\\Notifications\\OfferDilivered','App\\Models\\User',89,'{\"order_ref\":\"9acEDk2y\",\"total\":\"1620.000\",\"type\":\"Vendre\",\"date\":\"2024-07-13T09:51:42.000000Z\",\"status\":\"paye\"}',NULL,'2024-07-13 10:12:01','2024-07-13 10:12:01'),('5eb18275-7a0e-4d57-8b6a-fb4ae2e7017a','App\\Notifications\\NewOffer','App\\Models\\User',65,'{\"order_ref\":\"V3FqrJI1\",\"total\":231.799,\"type\":\"Vendre\",\"date\":\"2024-06-16T17:32:37.000000Z\",\"status\":\"en cours\"}',NULL,'2024-06-16 17:32:37','2024-06-16 17:32:37'),('5f21eb2e-7d71-40fa-a81b-11e9e48f3e67','App\\Notifications\\NewOffer','App\\Models\\User',59,'{\"order_ref\":\"7yHyo8uW\",\"total\":\"4000\",\"type\":\"Vendre\",\"date\":\"2024-06-11T10:18:23.000000Z\",\"status\":\"en cours\"}',NULL,'2024-06-11 10:18:24','2024-06-11 10:18:24'),('6136bd0d-b720-4504-8fed-8a8f4dc6d0dc','App\\Notifications\\OfferDilivered','App\\Models\\User',97,'{\"order_ref\":\"bJAJfENx\",\"total\":\"1449.000\",\"type\":\"Vendre\",\"date\":\"2024-07-12T19:42:41.000000Z\",\"status\":\"paye\"}',NULL,'2024-07-12 19:54:12','2024-07-12 19:54:12'),('618ba04c-7519-470b-b1ed-fedfac80a3c0','App\\Notifications\\NewOffer','App\\Models\\User',27,'{\"order_ref\":\"SNOIgamZ\",\"total\":\"29.049999999999997\",\"type\":\"Vendre\",\"date\":\"2024-06-02T15:24:38.000000Z\",\"status\":\"en cours\"}',NULL,'2024-06-02 15:24:39','2024-06-02 15:24:39'),('619fd18e-ccab-497a-a9a1-b1dcadd00076','App\\Notifications\\OrderCancelled','App\\Models\\User',5,'{\"order_ref\":\"VQnhcrjf\",\"total\":\"5.14\",\"type\":\"Achat\",\"date\":\"2024-05-28T18:07:32.000000Z\",\"status\":\"Annul\\u00e9e\"}',NULL,'2024-05-30 17:26:04','2024-05-30 17:26:04'),('61a2d87f-dc14-4bd0-8eff-597b0516d5ff','App\\Notifications\\NewFreshOrder','App\\Models\\User',55,'{\"order_ref\":\"ccKaQN96\",\"total\":\"18.00\",\"type\":\"Achat\",\"date\":\"2024-06-10T07:50:09.000000Z\",\"status\":\"V\\u00e9rification du paiement\"}',NULL,'2024-06-10 07:50:30','2024-06-10 07:50:30'),('62ec6845-a52f-4ab7-934e-f1828f4d595c','App\\Notifications\\NewOffer','App\\Models\\User',70,'{\"order_ref\":\"JurBkk8R\",\"total\":192,\"type\":\"Vendre\",\"date\":\"2024-06-19T16:41:01.000000Z\",\"status\":\"en cours\"}',NULL,'2024-06-19 16:41:02','2024-06-19 16:41:02'),('631b8b6a-b95a-402d-9113-bae07ddf006a','App\\Notifications\\NewFreshOrder','App\\Models\\User',25,'{\"order_ref\":\"bzXtufSk\",\"total\":\"18.45\",\"type\":\"Achat\",\"date\":\"2024-06-02T11:54:34.000000Z\",\"status\":\"V\\u00e9rification du paiement\"}',NULL,'2024-06-02 11:54:41','2024-06-02 11:54:41'),('638e5a50-ebde-41f3-95ae-9419fe91d799','App\\Notifications\\NewFreshOrder','App\\Models\\User',5,'{\"order_ref\":\"pSPKWdFv\",\"total\":\"45.00\",\"type\":\"Achat\",\"date\":\"2024-05-28T18:21:23.000000Z\",\"status\":\"V\\u00e9rification du paiement\"}',NULL,'2024-05-28 18:21:26','2024-05-28 18:21:26'),('63bcb244-069d-4736-b261-28861eb05948','App\\Notifications\\OrderDilivered','App\\Models\\User',1,'{\"order_ref\":\"dpl9n7\",\"total\":\"551.936\",\"type\":\"Achat\",\"date\":\"2024-07-21T03:40:59.000000Z\",\"status\":\"main.delivered\"}',NULL,'2024-07-21 15:43:30','2024-07-21 15:43:30'),('65861b37-4f3d-463b-bf49-62ab99e2211e','App\\Notifications\\NewFreshOrder','App\\Models\\User',107,'{\"order_ref\":\"ZbulrXPb\",\"total\":\"82.400\",\"type\":\"Achat\",\"date\":\"2024-07-19T01:34:58.000000Z\",\"status\":\"V\\u00e9rification du paiement\"}',NULL,'2024-07-19 01:35:12','2024-07-19 01:35:12'),('66e112a4-8ab6-46bb-9ecf-d505bfe3c851','App\\Notifications\\OfferDilivered','App\\Models\\User',30,'{\"order_ref\":\"6xCwiZKq\",\"total\":\"330.00\",\"type\":\"Vendre\",\"date\":\"2024-06-03T11:32:58.000000Z\",\"status\":\"paye\"}',NULL,'2024-06-03 12:01:30','2024-06-03 12:01:30'),('66ff2443-e07d-439d-9f45-be712606ecd4','App\\Notifications\\OrderCancelled','App\\Models\\User',56,'{\"order_ref\":\"9lUU1CGO\",\"total\":\"123.60\",\"type\":\"Achat\",\"date\":\"2024-06-12T15:40:36.000000Z\",\"status\":\"Annul\\u00e9e\"}',NULL,'2024-06-12 17:05:32','2024-06-12 17:05:32'),('67007cf6-0b9d-4dd9-bc1a-4eb2f26d9c76','App\\Notifications\\NewFreshOrder','App\\Models\\User',56,'{\"order_ref\":\"mmeiEIHV\",\"total\":\"66.42\",\"type\":\"Achat\",\"date\":\"2024-06-10T07:55:26.000000Z\",\"status\":\"V\\u00e9rification du paiement\"}',NULL,'2024-06-10 07:55:55','2024-06-10 07:55:55'),('670dd5b8-ac0a-4e9b-a441-3b5d3fe241af','App\\Notifications\\NewOffer','App\\Models\\User',20,'{\"order_ref\":\"cYFCvpS7\",\"total\":\"522.6\",\"type\":\"Vendre\",\"date\":\"2024-06-01T23:47:16.000000Z\",\"status\":\"en cours\"}',NULL,'2024-06-01 23:47:17','2024-06-01 23:47:17'),('67421539-2844-4d79-a4be-65677caf1f70','App\\Notifications\\OfferDilivered','App\\Models\\User',70,'{\"order_ref\":\"JurBkk8R\",\"total\":\"192.000\",\"type\":\"Vendre\",\"date\":\"2024-06-19T16:41:01.000000Z\",\"status\":\"paye\"}',NULL,'2024-06-19 17:05:36','2024-06-19 17:05:36'),('6798091f-e77d-483b-aacc-84c5b1068a47','App\\Notifications\\OrderCancelled','App\\Models\\User',56,'{\"order_ref\":\"mmeiEIHV\",\"total\":\"66.42\",\"type\":\"Achat\",\"date\":\"2024-06-10T07:55:26.000000Z\",\"status\":\"Annul\\u00e9e\"}',NULL,'2024-06-10 11:23:49','2024-06-10 11:23:49'),('68962191-bded-4cd8-9dad-975e8245c260','App\\Notifications\\NewFreshOrder','App\\Models\\User',56,'{\"order_ref\":\"cHZkDg0d\",\"total\":\"48.000\",\"type\":\"Achat\",\"date\":\"2024-06-20T12:25:47.000000Z\",\"status\":\"V\\u00e9rification du paiement\"}',NULL,'2024-06-20 12:25:57','2024-06-20 12:25:57'),('693e7eb1-5278-4f1b-aab2-11f7237b111b','App\\Notifications\\NewFreshOrder','App\\Models\\User',1,'{\"order_ref\":\"bdalom\",\"total\":51.397,\"type\":\"Achat\",\"date\":\"2024-07-22T12:13:36.000000Z\",\"status\":\"V\\u00e9rification du paiement\"}',NULL,'2024-07-22 12:13:39','2024-07-22 12:13:39'),('69add204-8ef9-42f0-9e5a-cb7929795384','App\\Notifications\\NewOffer','App\\Models\\User',5,'{\"order_ref\":\"gSrP5MC4\",\"total\":\"2520\",\"type\":\"Vendre\",\"date\":\"2024-06-01T15:37:00.000000Z\",\"status\":\"en cours\"}',NULL,'2024-06-01 15:37:01','2024-06-01 15:37:01'),('69c4dbfe-ca43-4ca9-8371-d0665fea6db7','App\\Notifications\\NewFreshOrder','App\\Models\\User',76,'{\"order_ref\":\"QufqWL1t\",\"total\":\"9.400\",\"type\":\"Achat\",\"date\":\"2024-06-19T23:00:58.000000Z\",\"status\":\"V\\u00e9rification du paiement\"}',NULL,'2024-06-19 23:01:51','2024-06-19 23:01:51'),('6a2aef39-9107-4e3e-8646-7f2f3e6a32e7','App\\Notifications\\NewFreshOrder','App\\Models\\User',26,'{\"order_ref\":\"JH2iGAhw\",\"total\":\"151.410\",\"type\":\"Achat\",\"date\":\"2024-06-27T15:12:17.000000Z\",\"status\":\"V\\u00e9rification du paiement\"}',NULL,'2024-06-27 15:12:26','2024-06-27 15:12:26'),('6ac208ef-1ff3-46c4-8885-9010b5cb4236','App\\Notifications\\NewFreshOrder','App\\Models\\User',107,'{\"order_ref\":\"15AYxQ32\",\"total\":\"201.292\",\"type\":\"Achat\",\"date\":\"2024-07-19T01:35:42.000000Z\",\"status\":\"V\\u00e9rification du paiement\"}',NULL,'2024-07-19 01:35:44','2024-07-19 01:35:44'),('6b82fa4d-8718-47cb-a336-3b5e973dd62a','App\\Notifications\\NewOffer','App\\Models\\User',5,'{\"order_ref\":\"jx3x8iUk\",\"total\":\"160\",\"type\":\"Vendre\",\"date\":\"2024-06-06T17:34:18.000000Z\",\"status\":\"en cours\"}',NULL,'2024-06-06 17:34:19','2024-06-06 17:34:19'),('6ca465d8-6a06-4080-ba08-7217b7ca16d3','App\\Notifications\\NewOffer','App\\Models\\User',65,'{\"order_ref\":\"Yc5kidD8\",\"total\":996,\"type\":\"Vendre\",\"date\":\"2024-06-14T20:22:20.000000Z\",\"status\":\"en cours\"}',NULL,'2024-06-14 20:22:21','2024-06-14 20:22:21'),('6cb8d7f6-97d0-4ae4-9f8c-52bb7adfeba4','App\\Notifications\\NewOffer','App\\Models\\User',1,'{\"order_ref\":\"b2gt9k\",\"total\":130,\"type\":\"Vendre\",\"date\":\"2024-07-22T16:13:54.000000Z\",\"status\":\"en cours\"}',NULL,'2024-07-22 16:13:56','2024-07-22 16:13:56'),('6dabb2c9-56f0-4291-b41f-e5b9a492d570','App\\Notifications\\NewOffer','App\\Models\\User',39,'{\"order_ref\":\"mpISNj4n\",\"total\":720,\"type\":\"Vendre\",\"date\":\"2024-07-03T09:07:50.000000Z\",\"status\":\"en cours\"}',NULL,'2024-07-03 09:07:51','2024-07-03 09:07:51'),('6de7be96-404b-4476-b3ef-ff221dfb3923','App\\Notifications\\NewOffer','App\\Models\\User',28,'{\"order_ref\":\"MDldkDF2\",\"total\":\"1170\",\"type\":\"Vendre\",\"date\":\"2024-06-02T15:30:47.000000Z\",\"status\":\"en cours\"}',NULL,'2024-06-02 15:30:57','2024-06-02 15:30:57'),('6e4364b9-be5a-4cc0-91e1-ad71b59f1f22','App\\Notifications\\OfferDilivered','App\\Models\\User',19,'{\"order_ref\":\"AiVApagg\",\"total\":\"1836.000\",\"type\":\"Vendre\",\"date\":\"2024-06-29T20:34:50.000000Z\",\"status\":\"paye\"}',NULL,'2024-06-29 20:44:36','2024-06-29 20:44:36'),('6e9ae948-2a59-4079-8f77-88890ffa7d28','App\\Notifications\\NewOffer','App\\Models\\User',49,'{\"order_ref\":\"jFrO0SqG\",\"total\":\"220\",\"type\":\"Vendre\",\"date\":\"2024-06-06T22:00:13.000000Z\",\"status\":\"en cours\"}',NULL,'2024-06-06 22:00:14','2024-06-06 22:00:14'),('6ebf5f5d-ca96-443c-b813-d6760e95cdb7','App\\Notifications\\NewOffer','App\\Models\\User',60,'{\"order_ref\":\"28V2eVGC\",\"total\":\"300\",\"type\":\"Vendre\",\"date\":\"2024-06-11T15:42:34.000000Z\",\"status\":\"en cours\"}',NULL,'2024-06-11 15:42:34','2024-06-11 15:42:34'),('6f9cb62a-14cf-4483-8f3d-902f0f66e833','App\\Notifications\\NewOffer','App\\Models\\User',5,'{\"order_ref\":\"JZllYLW6\",\"total\":\"160\",\"type\":\"Vendre\",\"date\":\"2024-06-06T17:37:05.000000Z\",\"status\":\"en cours\"}',NULL,'2024-06-06 17:37:07','2024-06-06 17:37:07'),('70cf3014-fe4e-437d-a5d9-70f94bbb3960','App\\Notifications\\NewOffer','App\\Models\\User',19,'{\"order_ref\":\"72fxxlur\",\"total\":501.7,\"type\":\"Vendre\",\"date\":\"2024-07-20T12:35:15.000000Z\",\"status\":\"en cours\"}','2024-07-20 18:09:29','2024-07-20 12:35:15','2024-07-20 18:09:29'),('70d145e6-988e-4f1b-b418-8e061dff68b6','App\\Notifications\\OfferDilivered','App\\Models\\User',35,'{\"order_ref\":\"wrJtEEcr\",\"total\":\"1080.00\",\"type\":\"Vendre\",\"date\":\"2024-06-03T15:36:54.000000Z\",\"status\":\"paye\"}',NULL,'2024-06-03 15:54:15','2024-06-03 15:54:15'),('7109c179-f1ec-4fd5-b478-b8fa920c4f71','App\\Notifications\\NewOffer','App\\Models\\User',19,'{\"order_ref\":\"AiVApagg\",\"total\":1836,\"type\":\"Vendre\",\"date\":\"2024-06-29T20:34:50.000000Z\",\"status\":\"en cours\"}',NULL,'2024-06-29 20:34:51','2024-06-29 20:34:51'),('717c91d0-6af0-4b86-b99f-8a18e48f4399','App\\Notifications\\OfferDilivered','App\\Models\\User',30,'{\"order_ref\":\"ErczKJiz\",\"total\":\"370.26\",\"type\":\"Vendre\",\"date\":\"2024-06-03T11:36:07.000000Z\",\"status\":\"paye\"}',NULL,'2024-06-03 12:01:21','2024-06-03 12:01:21'),('721dd7a3-81e7-4027-bac6-d1133f2ba74c','App\\Notifications\\NewOffer','App\\Models\\User',15,'{\"order_ref\":\"dpRs4EYq\",\"total\":\"646\",\"type\":\"Vendre\",\"date\":\"2024-06-02T07:01:13.000000Z\",\"status\":\"en cours\"}',NULL,'2024-06-02 07:01:14','2024-06-02 07:01:14'),('72228b47-c0ba-4f53-a5f5-18b75bb620e8','App\\Notifications\\OrderWaitShipping','App\\Models\\User',44,'{\"order_ref\":\"phc8nFZC\",\"total\":\"129.720\",\"type\":\"Achat\",\"date\":\"2024-06-18T20:03:46.000000Z\",\"status\":\"En cours de livraison\"}',NULL,'2024-06-18 20:16:36','2024-06-18 20:16:36'),('727b823c-a354-4d50-8f27-fd8d7458868d','App\\Notifications\\NewOffer','App\\Models\\User',19,'{\"order_ref\":\"3UYurLNb\",\"total\":1360.679,\"type\":\"Vendre\",\"date\":\"2024-07-10T23:07:00.000000Z\",\"status\":\"en cours\"}',NULL,'2024-07-10 23:07:00','2024-07-10 23:07:00'),('729c58ad-416b-4b83-b55d-c99e732b0df9','App\\Notifications\\NewOffer','App\\Models\\User',27,'{\"order_ref\":\"3y1tLvrE\",\"total\":\"29.049999999999997\",\"type\":\"Vendre\",\"date\":\"2024-06-06T15:01:27.000000Z\",\"status\":\"en cours\"}',NULL,'2024-06-06 15:01:31','2024-06-06 15:01:31'),('72b0f01d-e367-498f-ab94-5c75b638e857','App\\Notifications\\NewOffer','App\\Models\\User',60,'{\"order_ref\":\"5iTBSorG\",\"total\":\"300\",\"type\":\"Vendre\",\"date\":\"2024-06-11T15:38:54.000000Z\",\"status\":\"en cours\"}',NULL,'2024-06-11 15:38:54','2024-06-11 15:38:54'),('73e7cf3c-7af8-4cb4-ba88-50d061e50128','App\\Notifications\\NewOffer','App\\Models\\User',30,'{\"order_ref\":\"30pQCnTd\",\"total\":\"726\",\"type\":\"Vendre\",\"date\":\"2024-06-02T16:39:05.000000Z\",\"status\":\"en cours\"}',NULL,'2024-06-02 16:39:06','2024-06-02 16:39:06'),('742f5d48-1799-41eb-a5fd-6aa83ae3b717','App\\Notifications\\NewOffer','App\\Models\\User',15,'{\"order_ref\":\"8jaTGgLO\",\"total\":\"646\",\"type\":\"Vendre\",\"date\":\"2024-06-02T07:59:29.000000Z\",\"status\":\"en cours\"}',NULL,'2024-06-02 07:59:30','2024-06-02 07:59:30'),('75456ccc-adcb-4ec9-be9d-03ce1682a820','App\\Notifications\\NewFreshOrder','App\\Models\\User',18,'{\"order_ref\":\"mhoS7Uby\",\"total\":\"101.20\",\"type\":\"Achat\",\"date\":\"2024-06-01T21:24:54.000000Z\",\"status\":\"V\\u00e9rification du paiement\"}',NULL,'2024-06-01 21:25:12','2024-06-01 21:25:12'),('77e35e34-51a3-4158-b657-82b676a39318','App\\Notifications\\NewOffer','App\\Models\\User',23,'{\"order_ref\":\"mreVsK7h\",\"total\":316.8,\"type\":\"Vendre\",\"date\":\"2024-07-19T19:53:51.000000Z\",\"status\":\"en cours\"}',NULL,'2024-07-19 19:53:51','2024-07-19 19:53:51'),('77ed9249-5dde-40a8-8a81-ff4c4cc65d6b','App\\Notifications\\NewOffer','App\\Models\\User',28,'{\"order_ref\":\"XvQ6SC64\",\"total\":\"4186\",\"type\":\"Vendre\",\"date\":\"2024-06-05T11:19:01.000000Z\",\"status\":\"en cours\"}',NULL,'2024-06-05 11:19:03','2024-06-05 11:19:03'),('77fdc3a3-a6a2-4c4f-9e97-c79afaaa563f','App\\Notifications\\OfferDilivered','App\\Models\\User',28,'{\"order_ref\":\"b1JRLY7T\",\"total\":\"3707.60\",\"type\":\"Vendre\",\"date\":\"2024-06-06T11:02:10.000000Z\",\"status\":\"paye\"}',NULL,'2024-06-06 11:11:03','2024-06-06 11:11:03'),('7829c80d-eff1-430e-8fa5-46219e9f25ec','App\\Notifications\\OfferDilivered','App\\Models\\User',43,'{\"order_ref\":\"LLAEyjVe\",\"total\":\"1071.00\",\"type\":\"Vendre\",\"date\":\"2024-06-12T13:16:36.000000Z\",\"status\":\"paye\"}',NULL,'2024-06-12 13:26:28','2024-06-12 13:26:28'),('78301776-6643-49c2-8181-643b971ab66f','App\\Notifications\\NewFreshOrder','App\\Models\\User',37,'{\"order_ref\":\"3vco72o0\",\"total\":\"21.63\",\"type\":\"Achat\",\"date\":\"2024-06-08T19:03:27.000000Z\",\"status\":\"V\\u00e9rification du paiement\"}',NULL,'2024-06-08 19:03:32','2024-06-08 19:03:32'),('78706e98-e96d-43dd-8d83-9c257379c6a5','App\\Notifications\\NewOffer','App\\Models\\User',23,'{\"order_ref\":\"0ZIjQwlQ\",\"total\":\"900\",\"type\":\"Vendre\",\"date\":\"2024-06-02T00:20:41.000000Z\",\"status\":\"en cours\"}',NULL,'2024-06-02 00:20:42','2024-06-02 00:20:42'),('787a330c-47d4-43a2-af16-4e33a937552e','App\\Notifications\\OfferDilivered','App\\Models\\User',65,'{\"order_ref\":\"4riaWk5M\",\"total\":\"840.000\",\"type\":\"Vendre\",\"date\":\"2024-07-17T12:49:13.000000Z\",\"status\":\"paye\"}',NULL,'2024-07-17 13:28:23','2024-07-17 13:28:23'),('792eefea-06b0-4ca7-af78-4345108f1c9f','App\\Notifications\\NewOffer','App\\Models\\User',5,'{\"order_ref\":\"CLdkiFvH\",\"total\":\"0\",\"type\":\"Vendre\",\"date\":\"2024-06-06T17:35:54.000000Z\",\"status\":\"en cours\"}',NULL,'2024-06-06 17:35:55','2024-06-06 17:35:55'),('794744a8-c600-4847-a994-acce8303f6ec','App\\Notifications\\NewOffer','App\\Models\\User',27,'{\"order_ref\":\"0H9umSdY\",\"total\":19.65,\"type\":\"Vendre\",\"date\":\"2024-06-28T18:03:33.000000Z\",\"status\":\"en cours\"}',NULL,'2024-06-28 18:03:33','2024-06-28 18:03:33'),('79495232-3f51-4f09-b6bc-a4db72e4bde7','App\\Notifications\\NewFreshOrder','App\\Models\\User',8,'{\"order_ref\":\"RC3Txs2T\",\"total\":\"46.35\",\"type\":\"Achat\",\"date\":\"2024-05-30T05:21:13.000000Z\",\"status\":\"V\\u00e9rification du paiement\"}',NULL,'2024-05-30 05:24:19','2024-05-30 05:24:19'),('796f4340-2807-4311-b549-89f0f2a80ac9','App\\Notifications\\NewFreshOrder','App\\Models\\User',26,'{\"order_ref\":\"uURn95NU\",\"total\":\"14.21\",\"type\":\"Achat\",\"date\":\"2024-06-04T21:09:09.000000Z\",\"status\":\"V\\u00e9rification du paiement\"}',NULL,'2024-06-04 21:14:26','2024-06-04 21:14:26'),('79b07939-b9bd-4782-baf6-863af4c6f25e','App\\Notifications\\NewFreshOrder','App\\Models\\User',1,'{\"order_ref\":\"tde6ei\",\"total\":539.668,\"type\":\"Achat\",\"date\":\"2024-07-22T12:39:20.000000Z\",\"status\":\"V\\u00e9rification du paiement\"}',NULL,'2024-07-22 12:39:27','2024-07-22 12:39:27'),('7a310d3c-8700-46cc-835c-5a7ccd085c9e','App\\Notifications\\NewOffer','App\\Models\\User',5,'{\"order_ref\":\"mzbNjb4O\",\"total\":\"310\",\"type\":\"Vendre\",\"date\":\"2024-06-02T14:47:18.000000Z\",\"status\":\"en cours\"}',NULL,'2024-06-02 14:47:19','2024-06-02 14:47:19'),('7a76ff6a-1b4e-4bb9-ad98-48d3dbefb94a','App\\Notifications\\OfferDilivered','App\\Models\\User',49,'{\"order_ref\":\"u4nqrby3\",\"total\":\"900.00\",\"type\":\"Vendre\",\"date\":\"2024-06-07T16:42:47.000000Z\",\"status\":\"paye\"}',NULL,'2024-06-07 17:03:22','2024-06-07 17:03:22'),('7bcedd2d-9f11-4bb5-8dc6-76bbef1f69d4','App\\Notifications\\OfferDilivered','App\\Models\\User',1,'{\"order_ref\":\"px3e8j\",\"total\":\"195.000\",\"type\":\"Vendre\",\"date\":\"2024-07-21T01:21:39.000000Z\",\"status\":\"paye\"}',NULL,'2024-07-21 01:24:41','2024-07-21 01:24:41'),('7c19856b-253c-4c4c-b65a-b7e2f1689f47','App\\Notifications\\NewFreshOrder','App\\Models\\User',46,'{\"order_ref\":\"v6piyAtT\",\"total\":\"48.000\",\"type\":\"Achat\",\"date\":\"2024-06-20T10:28:16.000000Z\",\"status\":\"V\\u00e9rification du paiement\"}',NULL,'2024-06-20 10:28:48','2024-06-20 10:28:48'),('7c4ff7d5-2968-4079-89d5-29d6048c472e','App\\Notifications\\NewOffer','App\\Models\\User',5,'{\"order_ref\":\"Fs78ugje\",\"total\":\"84.15\",\"type\":\"Vendre\",\"date\":\"2024-06-06T17:39:16.000000Z\",\"status\":\"en cours\"}',NULL,'2024-06-06 17:39:16','2024-06-06 17:39:16'),('7eac9dea-4b9a-4108-93a8-ccf4b481ba68','App\\Notifications\\NewOffer','App\\Models\\User',56,'{\"order_ref\":\"pItUSfXZ\",\"total\":\"60\",\"type\":\"Vendre\",\"date\":\"2024-06-12T15:37:02.000000Z\",\"status\":\"en cours\"}',NULL,'2024-06-12 15:37:03','2024-06-12 15:37:03'),('7f6e63b2-30c4-406f-8d04-9f7ced46ec2e','App\\Notifications\\OfferDilivered','App\\Models\\User',23,'{\"order_ref\":\"7VFEYECB\",\"total\":\"616.400\",\"type\":\"Vendre\",\"date\":\"2024-07-08T19:14:10.000000Z\",\"status\":\"paye\"}',NULL,'2024-07-08 19:25:32','2024-07-08 19:25:32'),('7fb64461-fa2f-49fa-88a9-8f99315e2fe4','App\\Notifications\\OfferDilivered','App\\Models\\User',27,'{\"order_ref\":\"k5yAPjRM\",\"total\":\"20.225\",\"type\":\"Vendre\",\"date\":\"2024-07-09T15:29:06.000000Z\",\"status\":\"paye\"}',NULL,'2024-07-09 15:56:46','2024-07-09 15:56:46'),('8178a35b-16f3-4aba-bf75-20ddb3731f95','App\\Notifications\\NewOffer','App\\Models\\User',23,'{\"order_ref\":\"6BVaLeRt\",\"total\":302.6,\"type\":\"Vendre\",\"date\":\"2024-07-01T18:18:16.000000Z\",\"status\":\"en cours\"}',NULL,'2024-07-01 18:18:18','2024-07-01 18:18:18'),('819c6009-1022-4c63-8947-80604196056d','App\\Notifications\\NewOffer','App\\Models\\User',27,'{\"order_ref\":\"KCFavuhu\",\"total\":19.55,\"type\":\"Vendre\",\"date\":\"2024-06-26T13:13:47.000000Z\",\"status\":\"en cours\"}',NULL,'2024-06-26 13:13:51','2024-06-26 13:13:51'),('830a426d-4733-4699-8dcf-e46dde0f96d8','App\\Notifications\\NewOffer','App\\Models\\User',30,'{\"order_ref\":\"po8WyMPE\",\"total\":\"891\",\"type\":\"Vendre\",\"date\":\"2024-06-02T16:37:05.000000Z\",\"status\":\"en cours\"}',NULL,'2024-06-02 16:37:06','2024-06-02 16:37:06'),('839dc015-d2fd-4c61-b29a-265b1706fe60','App\\Notifications\\OfferDilivered','App\\Models\\User',20,'{\"order_ref\":\"Y6qGWjtm\",\"total\":\"300.20\",\"type\":\"Vendre\",\"date\":\"2024-06-03T22:34:27.000000Z\",\"status\":\"paye\"}',NULL,'2024-06-03 23:01:16','2024-06-03 23:01:16'),('839e2a30-c860-4896-933d-bd3161392862','App\\Notifications\\OfferDilivered','App\\Models\\User',19,'{\"order_ref\":\"Ts6pale6\",\"total\":\"593.400\",\"type\":\"Vendre\",\"date\":\"2024-07-01T22:57:16.000000Z\",\"status\":\"paye\"}',NULL,'2024-07-01 23:07:56','2024-07-01 23:07:56'),('83a8b602-3744-4f88-a1f3-11debc8b0b8a','App\\Notifications\\NewFreshOrder','App\\Models\\User',8,'{\"order_ref\":\"mjur2ANm\",\"total\":\"45.00\",\"type\":\"Achat\",\"date\":\"2024-05-30T04:25:11.000000Z\",\"status\":\"V\\u00e9rification du paiement\"}',NULL,'2024-05-30 04:47:17','2024-05-30 04:47:17'),('83ff4d41-8e7f-4e2c-b477-970d410262ad','App\\Notifications\\NewOffer','App\\Models\\User',103,'{\"order_ref\":\"QcMaXGX1\",\"total\":18.753,\"type\":\"Vendre\",\"date\":\"2024-07-13T19:06:38.000000Z\",\"status\":\"en cours\"}',NULL,'2024-07-13 19:06:38','2024-07-13 19:06:38'),('8466172c-7be3-4915-875e-0865a10312ef','App\\Notifications\\OrderDilivered','App\\Models\\User',1,'{\"order_ref\":\"et4xdb\",\"total\":\"582.926\",\"type\":\"Achat\",\"date\":\"2024-07-21T00:58:28.000000Z\",\"status\":\"main.delivered\"}',NULL,'2024-07-21 01:30:33','2024-07-21 01:30:33'),('846c5755-0300-462b-a0a2-bb49f098e89d','App\\Notifications\\NewOffer','App\\Models\\User',23,'{\"order_ref\":\"7VFEYECB\",\"total\":616.4,\"type\":\"Vendre\",\"date\":\"2024-07-08T19:14:10.000000Z\",\"status\":\"en cours\"}',NULL,'2024-07-08 19:14:11','2024-07-08 19:14:11'),('848d1686-c740-4fb4-9d81-01310ae6c994','App\\Notifications\\OfferDilivered','App\\Models\\User',53,'{\"order_ref\":\"8vTm3c3j\",\"total\":\"322.00\",\"type\":\"Vendre\",\"date\":\"2024-06-12T14:55:07.000000Z\",\"status\":\"paye\"}',NULL,'2024-06-12 15:04:18','2024-06-12 15:04:18'),('8555b5a7-46d1-4a5c-962f-3af4da1fedef','App\\Notifications\\NewOffer','App\\Models\\User',88,'{\"order_ref\":\"tOeBLEbn\",\"total\":402,\"type\":\"Vendre\",\"date\":\"2024-06-28T18:50:26.000000Z\",\"status\":\"en cours\"}',NULL,'2024-06-28 18:50:26','2024-06-28 18:50:26'),('85c4ed7e-d853-4b3e-80cc-2dfcdd567427','App\\Notifications\\OfferDilivered','App\\Models\\User',4,'{\"order_ref\":\"sur7Urod\",\"total\":\"186.00\",\"type\":\"Vendre\",\"date\":\"2024-05-27T00:07:05.000000Z\",\"status\":\"paye\"}',NULL,'2024-05-27 00:07:59','2024-05-27 00:07:59'),('87180ecf-1235-4078-82f2-c614d3bdd2f8','App\\Notifications\\OfferDilivered','App\\Models\\User',31,'{\"order_ref\":\"PkkUOoq5\",\"total\":\"28.315\",\"type\":\"Vendre\",\"date\":\"2024-07-10T16:53:00.000000Z\",\"status\":\"paye\"}',NULL,'2024-07-10 17:06:26','2024-07-10 17:06:26'),('87e20bbe-9521-4f70-8b12-49dba08f3cd4','App\\Notifications\\NewOffer','App\\Models\\User',49,'{\"order_ref\":\"YIIQ90sw\",\"total\":\"607.1999999999999\",\"type\":\"Vendre\",\"date\":\"2024-06-10T14:42:39.000000Z\",\"status\":\"en cours\"}',NULL,'2024-06-10 14:42:39','2024-06-10 14:42:39'),('89552f4d-f484-483b-a887-c9439546f26c','App\\Notifications\\OfferDilivered','App\\Models\\User',29,'{\"order_ref\":\"cSOHnFix\",\"total\":\"1820.000\",\"type\":\"Vendre\",\"date\":\"2024-06-14T13:27:20.000000Z\",\"status\":\"paye\"}',NULL,'2024-06-14 13:36:36','2024-06-14 13:36:36'),('89bcf41b-deb5-4903-b7ce-12d168cdb6e1','App\\Notifications\\NewOffer','App\\Models\\User',67,'{\"order_ref\":\"Cw1oElBo\",\"total\":120,\"type\":\"Vendre\",\"date\":\"2024-06-16T10:46:25.000000Z\",\"status\":\"en cours\"}',NULL,'2024-06-16 10:46:25','2024-06-16 10:46:25'),('8aada474-83d5-487f-a5be-96958a3c3867','App\\Notifications\\OfferDilivered','App\\Models\\User',68,'{\"order_ref\":\"GReUuRWy\",\"total\":\"1196.000\",\"type\":\"Vendre\",\"date\":\"2024-07-10T12:39:21.000000Z\",\"status\":\"paye\"}',NULL,'2024-07-10 12:50:08','2024-07-10 12:50:08'),('8b7423f1-02e1-456e-a359-e7481d9d7c84','App\\Notifications\\OfferDilivered','App\\Models\\User',29,'{\"order_ref\":\"5JXsQHck\",\"total\":\"919.999\",\"type\":\"Vendre\",\"date\":\"2024-07-09T19:45:27.000000Z\",\"status\":\"paye\"}',NULL,'2024-07-09 19:56:11','2024-07-09 19:56:11'),('8baecfee-ef06-45c0-9071-f8efb65e9a61','App\\Notifications\\OfferDilivered','App\\Models\\User',65,'{\"order_ref\":\"V3FqrJI1\",\"total\":\"231.799\",\"type\":\"Vendre\",\"date\":\"2024-06-16T17:32:37.000000Z\",\"status\":\"paye\"}',NULL,'2024-06-16 17:59:34','2024-06-16 17:59:34'),('8bca98c8-2040-4a91-bda6-c44d27b28c1a','App\\Notifications\\NewFreshOrder','App\\Models\\User',100,'{\"order_ref\":\"lRhOEIrd\",\"total\":\"24.720\",\"type\":\"Achat\",\"date\":\"2024-07-09T11:27:41.000000Z\",\"status\":\"V\\u00e9rification du paiement\"}',NULL,'2024-07-09 11:27:51','2024-07-09 11:27:51'),('8c238294-8c15-4284-82aa-ed940f4978ea','App\\Notifications\\NewOffer','App\\Models\\User',56,'{\"order_ref\":\"e1UhRJw1\",\"total\":\"2280\",\"type\":\"Vendre\",\"date\":\"2024-06-10T07:56:40.000000Z\",\"status\":\"en cours\"}',NULL,'2024-06-10 07:56:40','2024-06-10 07:56:40'),('8db412e8-d541-4374-bf26-aff1170d0079','App\\Notifications\\OfferDilivered','App\\Models\\User',19,'{\"order_ref\":\"fAadoHKr\",\"total\":\"1030.079\",\"type\":\"Vendre\",\"date\":\"2024-07-08T23:26:47.000000Z\",\"status\":\"paye\"}',NULL,'2024-07-08 23:43:05','2024-07-08 23:43:05'),('8e518638-e373-4f0c-8840-b25dc7a91ece','App\\Notifications\\OrderCancelled','App\\Models\\User',56,'{\"order_ref\":\"da0roxCS\",\"total\":\"48.480\",\"type\":\"Achat\",\"date\":\"2024-06-20T13:03:57.000000Z\",\"status\":\"Annul\\u00e9e\"}',NULL,'2024-06-20 17:03:27','2024-06-20 17:03:27'),('8e7b5b01-2373-4272-a5f7-68ff34df83b9','App\\Notifications\\NewFreshOrder','App\\Models\\User',14,'{\"order_ref\":\"3T5J1XHU\",\"total\":\"36.98\",\"type\":\"Achat\",\"date\":\"2024-05-31T21:56:20.000000Z\",\"status\":\"V\\u00e9rification du paiement\"}',NULL,'2024-05-31 22:03:14','2024-05-31 22:03:14'),('8ee3c381-1d6d-49e3-8793-a0d644f2b8d0','App\\Notifications\\NewOffer','App\\Models\\User',39,'{\"order_ref\":\"LUtO48AT\",\"total\":\"2000.9999999999998\",\"type\":\"Vendre\",\"date\":\"2024-06-05T21:21:13.000000Z\",\"status\":\"en cours\"}',NULL,'2024-06-05 21:21:14','2024-06-05 21:21:14'),('8fdd1424-33ec-47d7-a904-a4964a561795','App\\Notifications\\NewOffer','App\\Models\\User',56,'{\"order_ref\":\"mR9hPe7H\",\"total\":59.28,\"type\":\"Vendre\",\"date\":\"2024-06-20T12:27:22.000000Z\",\"status\":\"en cours\"}',NULL,'2024-06-20 12:27:23','2024-06-20 12:27:23'),('906a15cd-0712-4c28-9eec-796a14d62dca','App\\Notifications\\NewOffer','App\\Models\\User',44,'{\"order_ref\":\"96nXkt7G\",\"total\":\"1017.5\",\"type\":\"Vendre\",\"date\":\"2024-06-06T14:17:14.000000Z\",\"status\":\"en cours\"}',NULL,'2024-06-06 14:17:19','2024-06-06 14:17:19'),('92bf94ab-aa58-4bc4-8bac-43852f485273','App\\Notifications\\NewOffer','App\\Models\\User',1,'{\"order_ref\":\"3cte7i\",\"total\":130,\"type\":\"Vendre\",\"date\":\"2024-07-22T12:50:35.000000Z\",\"status\":\"en cours\"}',NULL,'2024-07-22 12:50:40','2024-07-22 12:50:40'),('9365b161-8e6e-4401-93cd-3d30b321a262','App\\Notifications\\NewOffer','App\\Models\\User',49,'{\"order_ref\":\"peaPT4Ut\",\"total\":201.4,\"type\":\"Vendre\",\"date\":\"2024-06-18T20:58:17.000000Z\",\"status\":\"en cours\"}',NULL,'2024-06-18 20:58:18','2024-06-18 20:58:18'),('94505e7d-a62a-4535-a988-90921dad18ab','App\\Notifications\\NewOffer','App\\Models\\User',29,'{\"order_ref\":\"SV8KaamY\",\"total\":\"2250\",\"type\":\"Vendre\",\"date\":\"2024-06-03T13:42:38.000000Z\",\"status\":\"en cours\"}',NULL,'2024-06-03 13:42:40','2024-06-03 13:42:40'),('94618545-de21-44dc-a708-68a918fbf74d','App\\Notifications\\OrderDilivered','App\\Models\\User',1,'{\"order_ref\":\"3omfrq\",\"total\":\"116.950\",\"type\":\"Achat\",\"date\":\"2024-07-21T03:29:14.000000Z\",\"status\":\"main.delivered\"}',NULL,'2024-07-22 11:38:25','2024-07-22 11:38:25'),('948246e7-bf97-4ec1-9975-9f10b18c9820','App\\Notifications\\NewOffer','App\\Models\\User',56,'{\"order_ref\":\"pmAgP1Of\",\"total\":\"300\",\"type\":\"Vendre\",\"date\":\"2024-06-11T15:28:40.000000Z\",\"status\":\"en cours\"}',NULL,'2024-06-11 15:28:40','2024-06-11 15:28:40'),('94973452-146e-416d-8967-b9495f903f51','App\\Notifications\\NewOffer','App\\Models\\User',65,'{\"order_ref\":\"4riaWk5M\",\"total\":840,\"type\":\"Vendre\",\"date\":\"2024-07-17T12:49:13.000000Z\",\"status\":\"en cours\"}',NULL,'2024-07-17 12:49:14','2024-07-17 12:49:14'),('94bdc5f7-cf5b-454c-bf3f-5601009f0564','App\\Notifications\\NewOffer','App\\Models\\User',19,'{\"order_ref\":\"scN0eJEs\",\"total\":501.03,\"type\":\"Vendre\",\"date\":\"2024-07-17T00:14:35.000000Z\",\"status\":\"en cours\"}',NULL,'2024-07-17 00:14:35','2024-07-17 00:14:35'),('9617e465-e499-4a99-9a7e-9191d7f24e45','App\\Notifications\\NewOffer','App\\Models\\User',88,'{\"order_ref\":\"Z9vrDsMJ\",\"total\":402,\"type\":\"Vendre\",\"date\":\"2024-06-28T18:53:35.000000Z\",\"status\":\"en cours\"}',NULL,'2024-06-28 18:53:35','2024-06-28 18:53:35'),('97b72ef2-fce3-4f3b-a842-258ba908efb8','App\\Notifications\\OfferDilivered','App\\Models\\User',27,'{\"order_ref\":\"0H9umSdY\",\"total\":\"19.650\",\"type\":\"Vendre\",\"date\":\"2024-06-28T18:03:33.000000Z\",\"status\":\"paye\"}',NULL,'2024-06-28 18:13:12','2024-06-28 18:13:12'),('97f0b92d-8c52-4a1c-8504-30704dca9796','App\\Notifications\\NewOffer','App\\Models\\User',1,'{\"order_ref\":\"4rjgxsMF\",\"total\":\"144\",\"type\":\"Vendre\",\"date\":\"2024-06-06T21:18:16.000000Z\",\"status\":\"en cours\"}',NULL,'2024-06-06 21:18:16','2024-06-06 21:18:16'),('98218500-2828-4c40-aba4-a1e1634ae14b','App\\Notifications\\NewFreshOrder','App\\Models\\User',26,'{\"order_ref\":\"GJ5p56tH\",\"total\":\"14.21\",\"type\":\"Achat\",\"date\":\"2024-06-07T16:47:50.000000Z\",\"status\":\"V\\u00e9rification du paiement\"}',NULL,'2024-06-07 16:52:25','2024-06-07 16:52:25'),('9840fb62-5655-42b3-8825-4083754f8678','App\\Notifications\\OfferDilivered','App\\Models\\User',5,'{\"order_ref\":\"EoDNhgaP\",\"total\":\"155.00\",\"type\":\"Vendre\",\"date\":\"2024-05-27T11:54:03.000000Z\",\"status\":\"paye\"}',NULL,'2024-05-27 11:56:20','2024-05-27 11:56:20'),('990118d1-2475-4c32-aa30-74e6a6dbfa46','App\\Notifications\\NewOffer','App\\Models\\User',46,'{\"order_ref\":\"EkEpxKBr\",\"total\":\"28\",\"type\":\"Vendre\",\"date\":\"2024-06-06T19:52:18.000000Z\",\"status\":\"en cours\"}',NULL,'2024-06-06 19:52:19','2024-06-06 19:52:19'),('9945056f-635c-4a9b-aba7-dc43db37fe22','App\\Notifications\\NewOffer','App\\Models\\User',56,'{\"order_ref\":\"bmayMx6b\",\"total\":133.95,\"type\":\"Vendre\",\"date\":\"2024-06-20T12:56:32.000000Z\",\"status\":\"en cours\"}',NULL,'2024-06-20 12:56:32','2024-06-20 12:56:32'),('9a3dd55c-f4b6-4549-ab2b-84868072d6db','App\\Notifications\\NewOffer','App\\Models\\User',5,'{\"order_ref\":\"Hi60ZMHz\",\"total\":\"20.7\",\"type\":\"Vendre\",\"date\":\"2024-06-06T19:49:40.000000Z\",\"status\":\"en cours\"}',NULL,'2024-06-06 19:49:40','2024-06-06 19:49:40'),('9b49e7eb-dfb7-408b-9835-3d0f33021c04','App\\Notifications\\NewOffer','App\\Models\\User',29,'{\"order_ref\":\"IhOiucHG\",\"total\":\"1820\",\"type\":\"Vendre\",\"date\":\"2024-06-05T12:23:59.000000Z\",\"status\":\"en cours\"}',NULL,'2024-06-05 12:24:00','2024-06-05 12:24:00'),('9bf48d6e-25ec-47fb-a0cb-aabb984131e0','App\\Notifications\\NewOffer','App\\Models\\User',19,'{\"order_ref\":\"Z5GjivWt\",\"total\":\"400.4\",\"type\":\"Vendre\",\"date\":\"2024-06-06T23:18:55.000000Z\",\"status\":\"en cours\"}',NULL,'2024-06-06 23:18:55','2024-06-06 23:18:55'),('9c44aa6a-a764-429f-bcc0-9f08d4926c3d','App\\Notifications\\OfferDilivered','App\\Models\\User',30,'{\"order_ref\":\"30pQCnTd\",\"total\":\"726.00\",\"type\":\"Vendre\",\"date\":\"2024-06-02T16:39:05.000000Z\",\"status\":\"paye\"}',NULL,'2024-06-02 16:56:49','2024-06-02 16:56:49'),('9cc45f36-36fe-431f-96e6-d36d4f8d3839','App\\Notifications\\OrderCancelled','App\\Models\\User',37,'{\"order_ref\":\"3vco72o0\",\"total\":\"21.63\",\"type\":\"Achat\",\"date\":\"2024-06-08T19:03:27.000000Z\",\"status\":\"Annul\\u00e9e\"}',NULL,'2024-06-08 22:22:27','2024-06-08 22:22:27'),('9cebf874-3f97-4113-a5ce-5bc0687dafeb','App\\Notifications\\OrderDilivered','App\\Models\\User',26,'{\"order_ref\":\"GJ5p56tH\",\"total\":\"14.21\",\"type\":\"Achat\",\"date\":\"2024-06-07T16:47:50.000000Z\",\"status\":\"Livr\\u00e9\"}',NULL,'2024-06-07 18:59:38','2024-06-07 18:59:38'),('9d4a1c9d-0c46-441e-8b93-9015c5c2f2d6','App\\Notifications\\OrderCancelled','App\\Models\\User',56,'{\"order_ref\":\"cHZkDg0d\",\"total\":\"48.000\",\"type\":\"Achat\",\"date\":\"2024-06-20T12:25:47.000000Z\",\"status\":\"Annul\\u00e9e\"}',NULL,'2024-06-20 17:03:25','2024-06-20 17:03:25'),('9db665dc-7335-4f36-bec0-560ef696ea63','App\\Notifications\\OrderCancelled','App\\Models\\User',5,'{\"order_ref\":\"7HI387Zu\",\"total\":\"5.14\",\"type\":\"Achat\",\"date\":\"2024-05-30T11:02:26.000000Z\",\"status\":\"Annul\\u00e9e\"}',NULL,'2024-05-30 17:26:00','2024-05-30 17:26:00'),('9dfd4520-303d-4fcd-93bd-34b497f626bf','App\\Notifications\\OfferDilivered','App\\Models\\User',29,'{\"order_ref\":\"ilAaeFtD\",\"total\":\"1080.000\",\"type\":\"Vendre\",\"date\":\"2024-07-10T17:13:34.000000Z\",\"status\":\"paye\"}',NULL,'2024-07-10 17:35:37','2024-07-10 17:35:37'),('9e5a4bc9-27ed-43f5-b9aa-508ec2e47d52','App\\Notifications\\NewOffer','App\\Models\\User',29,'{\"order_ref\":\"puMkzLps\",\"total\":\"1820\",\"type\":\"Vendre\",\"date\":\"2024-06-04T10:42:57.000000Z\",\"status\":\"en cours\"}',NULL,'2024-06-04 10:42:58','2024-06-04 10:42:58'),('9e5c86db-bb7a-4a37-8910-5fd63f5358b3','App\\Notifications\\OfferDilivered','App\\Models\\User',23,'{\"order_ref\":\"mreVsK7h\",\"total\":\"316.800\",\"type\":\"Vendre\",\"date\":\"2024-07-19T19:53:51.000000Z\",\"status\":\"paye\"}',NULL,'2024-07-19 20:12:25','2024-07-19 20:12:25'),('9eff39b1-b7b9-4db0-8706-8dce50f63b33','App\\Notifications\\NewFreshOrder','App\\Models\\User',5,'{\"order_ref\":\"qoppthID\",\"total\":\"45.45\",\"type\":\"Achat\",\"date\":\"2024-05-27T11:41:46.000000Z\",\"status\":\"V\\u00e9rification du paiement\"}',NULL,'2024-05-27 11:42:49','2024-05-27 11:42:49'),('9f33002b-6877-4ff8-b298-2a4539ef32e9','App\\Notifications\\OfferDilivered','App\\Models\\User',27,'{\"order_ref\":\"9lcEMrBW\",\"total\":\"19.775\",\"type\":\"Vendre\",\"date\":\"2024-07-11T15:37:00.000000Z\",\"status\":\"paye\"}',NULL,'2024-07-11 16:14:23','2024-07-11 16:14:23'),('9f7b20b2-b8ad-4450-b67d-62069221e4c9','App\\Notifications\\NewOffer','App\\Models\\User',1,'{\"order_ref\":\"od5u7i\",\"total\":260,\"type\":\"Vendre\",\"date\":\"2024-07-21T04:47:16.000000Z\",\"status\":\"en cours\"}',NULL,'2024-07-21 04:47:19','2024-07-21 04:47:19'),('9f7e01c7-00d6-4738-a674-3b5fac3dacca','App\\Notifications\\OfferDilivered','App\\Models\\User',23,'{\"order_ref\":\"0ZIjQwlQ\",\"total\":\"900.00\",\"type\":\"Vendre\",\"date\":\"2024-06-02T00:20:41.000000Z\",\"status\":\"paye\"}',NULL,'2024-06-02 00:29:55','2024-06-02 00:29:55'),('a05a4951-a463-40f9-a3c5-ef407dafabdd','App\\Notifications\\NewOffer','App\\Models\\User',46,'{\"order_ref\":\"hSUVLFYB\",\"total\":26.78,\"type\":\"Vendre\",\"date\":\"2024-07-03T09:58:35.000000Z\",\"status\":\"en cours\"}',NULL,'2024-07-03 09:58:36','2024-07-03 09:58:36'),('a0ab9799-7b0b-4c38-90a3-d373cfb63c8f','App\\Notifications\\NewOffer','App\\Models\\User',23,'{\"order_ref\":\"DGFOefp6\",\"total\":318.5,\"type\":\"Vendre\",\"date\":\"2024-07-02T21:44:18.000000Z\",\"status\":\"en cours\"}',NULL,'2024-07-02 21:44:19','2024-07-02 21:44:19'),('a1e2bcec-012e-482a-803a-75e436711c69','App\\Notifications\\OrderDilivered','App\\Models\\User',5,'{\"order_ref\":\"EAABo5dE\",\"total\":\"9.49\",\"type\":\"Achat\",\"date\":\"2024-06-02T14:55:41.000000Z\",\"status\":\"Livr\\u00e9\"}',NULL,'2024-06-02 16:06:03','2024-06-02 16:06:03'),('a1e3cfbf-c56a-4ea2-b27b-0bef8512f3e4','App\\Notifications\\NewFreshOrder','App\\Models\\User',56,'{\"order_ref\":\"rUwRLX9X\",\"total\":\"272.70\",\"type\":\"Achat\",\"date\":\"2024-06-11T15:28:08.000000Z\",\"status\":\"V\\u00e9rification du paiement\"}',NULL,'2024-06-11 15:28:17','2024-06-11 15:28:17'),('a31bc6a6-4f68-4bed-9e05-dad4c80c8039','App\\Notifications\\OfferDilivered','App\\Models\\User',5,'{\"order_ref\":\"32s4baio\",\"total\":\"350.00\",\"type\":\"Vendre\",\"date\":\"2024-06-02T00:17:04.000000Z\",\"status\":\"paye\"}',NULL,'2024-06-02 00:17:50','2024-06-02 00:17:50'),('a37f2cd1-6896-4324-b4de-a69b944decd3','App\\Notifications\\NewFreshOrder','App\\Models\\User',56,'{\"order_ref\":\"ph4FQDLX\",\"total\":\"270.000\",\"type\":\"Achat\",\"date\":\"2024-06-20T12:57:47.000000Z\",\"status\":\"V\\u00e9rification du paiement\"}',NULL,'2024-06-20 12:57:55','2024-06-20 12:57:55'),('a456bba2-ccba-48ed-8b49-7ebbf41f7ce7','App\\Notifications\\NewOffer','App\\Models\\User',70,'{\"order_ref\":\"yxEvoP5e\",\"total\":224,\"type\":\"Vendre\",\"date\":\"2024-06-19T10:23:22.000000Z\",\"status\":\"en cours\"}',NULL,'2024-06-19 10:23:23','2024-06-19 10:23:23'),('a5ed4191-64f6-4363-9bd7-d790e8922634','App\\Notifications\\NewFreshOrder','App\\Models\\User',56,'{\"order_ref\":\"9lUU1CGO\",\"total\":\"123.60\",\"type\":\"Achat\",\"date\":\"2024-06-12T15:40:36.000000Z\",\"status\":\"V\\u00e9rification du paiement\"}',NULL,'2024-06-12 15:40:42','2024-06-12 15:40:42'),('a6179402-dafe-4594-9efb-dbbdeed2be4d','App\\Notifications\\NewOffer','App\\Models\\User',53,'{\"order_ref\":\"7nmVMpOy\",\"total\":469.799,\"type\":\"Vendre\",\"date\":\"2024-06-20T19:31:33.000000Z\",\"status\":\"en cours\"}',NULL,'2024-06-20 19:31:34','2024-06-20 19:31:34'),('a94c6b4b-5063-4040-979e-cfdc051d6d25','App\\Notifications\\NewOffer','App\\Models\\User',53,'{\"order_ref\":\"fOdeHaFG\",\"total\":\"216\",\"type\":\"Vendre\",\"date\":\"2024-06-09T12:17:52.000000Z\",\"status\":\"en cours\"}',NULL,'2024-06-09 12:17:55','2024-06-09 12:17:55'),('a9942130-1608-4881-ac8c-83451411adef','App\\Notifications\\NewFreshOrder','App\\Models\\User',26,'{\"order_ref\":\"HfPxUIIt\",\"total\":\"48.41\",\"type\":\"Achat\",\"date\":\"2024-06-02T12:36:59.000000Z\",\"status\":\"V\\u00e9rification du paiement\"}',NULL,'2024-06-02 13:18:58','2024-06-02 13:18:58'),('a9be80e2-a728-4985-8cda-241299405850','App\\Notifications\\NewOffer','App\\Models\\User',20,'{\"order_ref\":\"KNHLrrdS\",\"total\":\"237\",\"type\":\"Vendre\",\"date\":\"2024-06-03T21:40:55.000000Z\",\"status\":\"en cours\"}',NULL,'2024-06-03 21:40:56','2024-06-03 21:40:56'),('a9fcf440-489b-4cb2-a3a2-5d00498c0830','App\\Notifications\\NewOffer','App\\Models\\User',49,'{\"order_ref\":\"hYwh2Kv1\",\"total\":\"270\",\"type\":\"Vendre\",\"date\":\"2024-06-10T14:50:30.000000Z\",\"status\":\"en cours\"}',NULL,'2024-06-10 14:50:31','2024-06-10 14:50:31'),('aa4d3d18-d43d-4cd5-a5e0-b022c695cf8f','App\\Notifications\\OfferDilivered','App\\Models\\User',68,'{\"order_ref\":\"mzjm8vi1\",\"total\":\"1820.000\",\"type\":\"Vendre\",\"date\":\"2024-06-16T14:56:52.000000Z\",\"status\":\"paye\"}',NULL,'2024-06-16 15:10:39','2024-06-16 15:10:39'),('aba40efa-3590-498f-936c-410c26aa759c','App\\Notifications\\OfferDilivered','App\\Models\\User',29,'{\"order_ref\":\"0R4BBfm0\",\"total\":\"1092.000\",\"type\":\"Vendre\",\"date\":\"2024-07-08T15:57:38.000000Z\",\"status\":\"paye\"}',NULL,'2024-07-08 17:00:15','2024-07-08 17:00:15'),('ac819223-e6b5-4be5-bc3e-058b69d388b6','App\\Notifications\\NewFreshOrder','App\\Models\\User',1,'{\"order_ref\":\"hdl0qf\",\"total\":51.397,\"type\":\"Achat\",\"date\":\"2024-07-22T16:12:01.000000Z\",\"status\":\"V\\u00e9rification du paiement\"}',NULL,'2024-07-22 16:12:04','2024-07-22 16:12:04'),('ac9a0195-461c-45cf-a0e8-95c3e9e1ba7a','App\\Notifications\\NewOffer','App\\Models\\User',23,'{\"order_ref\":\"LeOpZBBW\",\"total\":545.6,\"type\":\"Vendre\",\"date\":\"2024-07-18T21:22:36.000000Z\",\"status\":\"en cours\"}',NULL,'2024-07-18 21:22:37','2024-07-18 21:22:37'),('add547d8-0f3b-422e-b25f-5f3ff237cd31','App\\Notifications\\NewFreshOrder','App\\Models\\User',26,'{\"order_ref\":\"n4qnV3VB\",\"total\":\"181.69\",\"type\":\"Achat\",\"date\":\"2024-06-10T16:21:36.000000Z\",\"status\":\"V\\u00e9rification du paiement\"}',NULL,'2024-06-10 16:35:39','2024-06-10 16:35:39'),('afdbd4bb-0e60-4157-bebc-2436dc7d7c0f','App\\Notifications\\NewOffer','App\\Models\\User',67,'{\"order_ref\":\"QDl7ber1\",\"total\":363.64,\"type\":\"Vendre\",\"date\":\"2024-06-16T08:22:32.000000Z\",\"status\":\"en cours\"}',NULL,'2024-06-16 08:22:33','2024-06-16 08:22:33'),('b06d5729-12d9-42ee-b605-30bf04929f21','App\\Notifications\\NewOffer','App\\Models\\User',68,'{\"order_ref\":\"OxdhvpRY\",\"total\":556.8,\"type\":\"Vendre\",\"date\":\"2024-06-16T16:15:40.000000Z\",\"status\":\"en cours\"}',NULL,'2024-06-16 16:15:41','2024-06-16 16:15:41'),('b130781b-d0c4-489f-b0a6-0f26f76cc49c','App\\Notifications\\NewOffer','App\\Models\\User',67,'{\"order_ref\":\"g7Z82Eor\",\"total\":200,\"type\":\"Vendre\",\"date\":\"2024-06-17T18:37:09.000000Z\",\"status\":\"en cours\"}',NULL,'2024-06-17 18:37:10','2024-06-17 18:37:10'),('b2cfd43a-aca9-4676-b068-322cf8377c4d','App\\Notifications\\NewOffer','App\\Models\\User',49,'{\"order_ref\":\"u4nqrby3\",\"total\":\"900\",\"type\":\"Vendre\",\"date\":\"2024-06-07T16:42:47.000000Z\",\"status\":\"en cours\"}',NULL,'2024-06-07 16:42:47','2024-06-07 16:42:47'),('b2fe186e-57cd-4db0-a720-b612d316b22e','App\\Notifications\\NewOffer','App\\Models\\User',28,'{\"order_ref\":\"4UesfiAn\",\"total\":\"4354.2\",\"type\":\"Vendre\",\"date\":\"2024-06-02T16:17:51.000000Z\",\"status\":\"en cours\"}',NULL,'2024-06-02 16:17:52','2024-06-02 16:17:52'),('b63f4e7e-e3dc-4fbf-b7d5-383e2261f3d9','App\\Notifications\\NewFreshOrder','App\\Models\\User',4,'{\"order_ref\":\"rf5nJBoZ\",\"total\":\"45.00\",\"type\":\"Achat\",\"date\":\"2024-05-27T16:12:44.000000Z\",\"status\":\"V\\u00e9rification du paiement\"}',NULL,'2024-05-27 16:15:13','2024-05-27 16:15:13'),('b70fdac0-e0e2-483e-866f-6dc2fb30bd61','App\\Notifications\\NewOffer','App\\Models\\User',60,'{\"order_ref\":\"Oatr3wLT\",\"total\":\"30\",\"type\":\"Vendre\",\"date\":\"2024-06-11T15:43:05.000000Z\",\"status\":\"en cours\"}',NULL,'2024-06-11 15:43:05','2024-06-11 15:43:05'),('b9e17301-917d-4d88-866b-3d5ba280c589','App\\Notifications\\NewFreshOrder','App\\Models\\User',1,'{\"order_ref\":\"4uajni\",\"total\":55.516,\"type\":\"Achat\",\"date\":\"2024-07-22T17:27:01.000000Z\",\"status\":\"V\\u00e9rification du paiement\"}',NULL,'2024-07-22 17:27:03','2024-07-22 17:27:03'),('bb1b4a12-a0a5-4488-9d02-2c3e09c50554','App\\Notifications\\OfferDilivered','App\\Models\\User',102,'{\"order_ref\":\"X8Glyn8e\",\"total\":\"340.000\",\"type\":\"Vendre\",\"date\":\"2024-07-11T11:21:07.000000Z\",\"status\":\"paye\"}',NULL,'2024-07-11 11:40:29','2024-07-11 11:40:29'),('bbd4f12a-3ccd-471b-8008-fd589b3f06ff','App\\Notifications\\NewOffer','App\\Models\\User',50,'{\"order_ref\":\"z0y1AEGO\",\"total\":\"400\",\"type\":\"Vendre\",\"date\":\"2024-06-07T16:18:05.000000Z\",\"status\":\"en cours\"}',NULL,'2024-06-07 16:18:05','2024-06-07 16:18:05'),('bd42f775-4413-4e4a-902e-091157bf7bd3','App\\Notifications\\NewOffer','App\\Models\\User',43,'{\"order_ref\":\"LLAEyjVe\",\"total\":\"1071\",\"type\":\"Vendre\",\"date\":\"2024-06-12T13:16:36.000000Z\",\"status\":\"en cours\"}',NULL,'2024-06-12 13:16:37','2024-06-12 13:16:37'),('be526cfe-f02b-4c6b-8101-8855b9f13879','App\\Notifications\\NewOffer','App\\Models\\User',5,'{\"order_ref\":\"LH7gilC0\",\"total\":\"30\",\"type\":\"Vendre\",\"date\":\"2024-06-06T19:36:01.000000Z\",\"status\":\"en cours\"}',NULL,'2024-06-06 19:36:01','2024-06-06 19:36:01'),('bea7e6a8-8e2f-4eac-9f6b-f5e40f123ddd','App\\Notifications\\NewFreshOrder','App\\Models\\User',5,'{\"order_ref\":\"ZGsTTTrE\",\"total\":\"5.00\",\"type\":\"Achat\",\"date\":\"2024-05-28T18:17:36.000000Z\",\"status\":\"V\\u00e9rification du paiement\"}',NULL,'2024-05-28 18:17:40','2024-05-28 18:17:40'),('bf4cbda6-0d69-4b37-8071-3d570ff81bc1','App\\Notifications\\NewFreshOrder','App\\Models\\User',5,'{\"order_ref\":\"7HI387Zu\",\"total\":\"5.14\",\"type\":\"Achat\",\"date\":\"2024-05-30T11:02:26.000000Z\",\"status\":\"V\\u00e9rification du paiement\"}',NULL,'2024-05-30 11:02:30','2024-05-30 11:02:30'),('bfe592e2-43a8-4b55-8f46-0f949a7eeca7','App\\Notifications\\NewOffer','App\\Models\\User',53,'{\"order_ref\":\"8vTm3c3j\",\"total\":\"322\",\"type\":\"Vendre\",\"date\":\"2024-06-12T14:55:07.000000Z\",\"status\":\"en cours\"}',NULL,'2024-06-12 14:55:07','2024-06-12 14:55:07'),('bfff9a3d-0db1-437a-bf85-6ae82e1a9529','App\\Notifications\\NewOffer','App\\Models\\User',30,'{\"order_ref\":\"wjqSD1ou\",\"total\":\"400.34000000000003\",\"type\":\"Vendre\",\"date\":\"2024-06-08T20:09:12.000000Z\",\"status\":\"en cours\"}',NULL,'2024-06-08 20:09:13','2024-06-08 20:09:13'),('c041b161-367c-4d69-ac31-47dbfc456260','App\\Notifications\\NewOffer','App\\Models\\User',31,'{\"order_ref\":\"PkkUOoq5\",\"total\":28.315,\"type\":\"Vendre\",\"date\":\"2024-07-10T16:53:00.000000Z\",\"status\":\"en cours\"}',NULL,'2024-07-10 16:53:01','2024-07-10 16:53:01'),('c0a501fd-ccb1-4fca-8027-d98943ab5232','App\\Notifications\\OrderDilivered','App\\Models\\User',26,'{\"order_ref\":\"n4qnV3VB\",\"total\":\"181.69\",\"type\":\"Achat\",\"date\":\"2024-06-10T16:21:36.000000Z\",\"status\":\"Livr\\u00e9\"}',NULL,'2024-06-10 18:02:35','2024-06-10 18:02:35'),('c18ec352-5ab0-418a-8478-3cf08d5a22c3','App\\Notifications\\OrderWaitShipping','App\\Models\\User',14,'{\"order_ref\":\"3T5J1XHU\",\"total\":\"36.98\",\"type\":\"Achat\",\"date\":\"2024-05-31T21:56:20.000000Z\",\"status\":\"En cours de livraison\"}',NULL,'2024-05-31 22:10:19','2024-05-31 22:10:19'),('c1d90aa7-6663-4da0-aa56-9759d7d96c6c','App\\Notifications\\NewFreshOrder','App\\Models\\User',1,'{\"order_ref\":\"7pov19\",\"total\":51.397,\"type\":\"Achat\",\"date\":\"2024-07-22T17:22:34.000000Z\",\"status\":\"V\\u00e9rification du paiement\"}',NULL,'2024-07-22 17:22:36','2024-07-22 17:22:36'),('c1e68c1b-80d4-4dff-bed1-f2c29509bd50','App\\Notifications\\OrderDilivered','App\\Models\\User',44,'{\"order_ref\":\"phc8nFZC\",\"total\":\"129.720\",\"type\":\"Achat\",\"date\":\"2024-06-18T20:03:46.000000Z\",\"status\":\"Livr\\u00e9\"}',NULL,'2024-06-18 20:44:27','2024-06-18 20:44:27'),('c1ea5687-e795-47df-a8bd-7e2ee5db2142','App\\Notifications\\OfferDilivered','App\\Models\\User',23,'{\"order_ref\":\"6BVaLeRt\",\"total\":\"302.600\",\"type\":\"Vendre\",\"date\":\"2024-07-01T18:18:16.000000Z\",\"status\":\"paye\"}',NULL,'2024-07-01 18:29:35','2024-07-01 18:29:35'),('c55af483-9f54-4e06-8063-84233a93ae0f','App\\Notifications\\OrderCancelled','App\\Models\\User',7,'{\"order_ref\":\"ik6lTfl0\",\"total\":\"45.00\",\"type\":\"Achat\",\"date\":\"2024-05-29T21:15:42.000000Z\",\"status\":\"Annul\\u00e9e\"}',NULL,'2024-05-30 17:26:06','2024-05-30 17:26:06'),('c7a577c2-58bc-4e59-8446-b23c68a154ab','App\\Notifications\\NewOffer','App\\Models\\User',102,'{\"order_ref\":\"X8Glyn8e\",\"total\":340,\"type\":\"Vendre\",\"date\":\"2024-07-11T11:21:07.000000Z\",\"status\":\"en cours\"}',NULL,'2024-07-11 11:21:08','2024-07-11 11:21:08'),('c7b18c5a-1aaa-4221-8ce3-1bbda1a0aa67','App\\Notifications\\OfferDilivered','App\\Models\\User',29,'{\"order_ref\":\"SV8KaamY\",\"total\":\"2250.00\",\"type\":\"Vendre\",\"date\":\"2024-06-03T13:42:38.000000Z\",\"status\":\"paye\"}',NULL,'2024-06-03 13:54:54','2024-06-03 13:54:54'),('c84132a4-0a0d-4313-864b-f3185192ae10','App\\Notifications\\NewFreshOrder','App\\Models\\User',1,'{\"order_ref\":\"s53iv1\",\"total\":51.397,\"type\":\"Achat\",\"date\":\"2024-07-22T17:24:28.000000Z\",\"status\":\"V\\u00e9rification du paiement\"}',NULL,'2024-07-22 17:24:30','2024-07-22 17:24:30'),('c9c0bb8b-bb08-4f7d-a2a5-f447a58d1e8a','App\\Notifications\\NewOffer','App\\Models\\User',29,'{\"order_ref\":\"zFWck67D\",\"total\":2888.799,\"type\":\"Vendre\",\"date\":\"2024-06-15T17:52:04.000000Z\",\"status\":\"en cours\"}',NULL,'2024-06-15 17:52:05','2024-06-15 17:52:05'),('cad9dd9b-856d-4e11-bf40-9c017eb9672f','App\\Notifications\\OrderCancelled','App\\Models\\User',7,'{\"order_ref\":\"Ab9kYzXM\",\"total\":\"45.00\",\"type\":\"Achat\",\"date\":\"2024-05-29T21:03:00.000000Z\",\"status\":\"Annul\\u00e9e\"}',NULL,'2024-05-30 17:26:02','2024-05-30 17:26:02'),('cb0b9ac9-70ce-466d-893c-cc9536aa6fd2','App\\Notifications\\NewOffer','App\\Models\\User',48,'{\"order_ref\":\"INNywbIO\",\"total\":\"61.2\",\"type\":\"Vendre\",\"date\":\"2024-06-06T20:30:14.000000Z\",\"status\":\"en cours\"}',NULL,'2024-06-06 20:30:15','2024-06-06 20:30:15'),('cbb92324-2866-41f7-8169-c35ffdc677ac','App\\Notifications\\NewOffer','App\\Models\\User',5,'{\"order_ref\":\"32s4baio\",\"total\":\"350\",\"type\":\"Vendre\",\"date\":\"2024-06-02T00:17:04.000000Z\",\"status\":\"en cours\"}',NULL,'2024-06-02 00:17:04','2024-06-02 00:17:04'),('cbd78f86-b77b-4b34-b155-77496c9ca60b','App\\Notifications\\NewOffer','App\\Models\\User',27,'{\"order_ref\":\"kJCtKxpk\",\"total\":19.775,\"type\":\"Vendre\",\"date\":\"2024-07-01T12:51:17.000000Z\",\"status\":\"en cours\"}',NULL,'2024-07-01 12:51:18','2024-07-01 12:51:18'),('cc5adbef-ae26-465a-a60c-e1981118a5bd','App\\Notifications\\NewFreshOrder','App\\Models\\User',44,'{\"order_ref\":\"phc8nFZC\",\"total\":\"129.720\",\"type\":\"Achat\",\"date\":\"2024-06-18T20:03:46.000000Z\",\"status\":\"V\\u00e9rification du paiement\"}',NULL,'2024-06-18 20:09:42','2024-06-18 20:09:42'),('cf771762-6583-42e9-8b77-b230c49193f0','App\\Notifications\\NewOffer','App\\Models\\User',29,'{\"order_ref\":\"J0iZbmns\",\"total\":\"1770\",\"type\":\"Vendre\",\"date\":\"2024-06-02T18:20:01.000000Z\",\"status\":\"en cours\"}',NULL,'2024-06-02 18:20:02','2024-06-02 18:20:02'),('cfdecb7c-114b-459d-b928-49c6a7be0bed','App\\Notifications\\NewOffer','App\\Models\\User',19,'{\"order_ref\":\"fAadoHKr\",\"total\":1030.079,\"type\":\"Vendre\",\"date\":\"2024-07-08T23:26:47.000000Z\",\"status\":\"en cours\"}',NULL,'2024-07-08 23:26:47','2024-07-08 23:26:47'),('d04530ab-8984-4cc9-a9d7-1e1813e1942a','App\\Notifications\\NewFreshOrder','App\\Models\\User',26,'{\"order_ref\":\"uURn95NU\",\"total\":\"14.21\",\"type\":\"Achat\",\"date\":\"2024-06-04T21:09:09.000000Z\",\"status\":\"V\\u00e9rification du paiement\"}',NULL,'2024-06-04 21:14:25','2024-06-04 21:14:25'),('d15be8ca-ba65-43ee-a8a3-354341dd0fcc','App\\Notifications\\NewFreshOrder','App\\Models\\User',1,'{\"order_ref\":\"tpmkoo\",\"total\":51.397,\"type\":\"Achat\",\"date\":\"2024-07-22T16:12:45.000000Z\",\"status\":\"V\\u00e9rification du paiement\"}',NULL,'2024-07-22 16:12:48','2024-07-22 16:12:48'),('d1f03d52-af22-4a0e-90ae-2485ab5357d0','App\\Notifications\\OfferDilivered','App\\Models\\User',53,'{\"order_ref\":\"fOdeHaFG\",\"total\":\"216.00\",\"type\":\"Vendre\",\"date\":\"2024-06-09T12:17:52.000000Z\",\"status\":\"paye\"}',NULL,'2024-06-09 12:25:47','2024-06-09 12:25:47'),('d2e41e08-fbb6-4b78-85ee-89668b84da3e','App\\Notifications\\NewOffer','App\\Models\\User',35,'{\"order_ref\":\"tRu1oRye\",\"total\":869.999,\"type\":\"Vendre\",\"date\":\"2024-07-10T21:33:11.000000Z\",\"status\":\"en cours\"}',NULL,'2024-07-10 21:33:12','2024-07-10 21:33:12'),('d2efee88-f1c2-46e2-b7e9-b7977a121867','App\\Notifications\\NewOffer','App\\Models\\User',39,'{\"order_ref\":\"ri1K4QCF\",\"total\":\"3679.9999999999995\",\"type\":\"Vendre\",\"date\":\"2024-06-11T17:18:30.000000Z\",\"status\":\"en cours\"}',NULL,'2024-06-11 17:18:31','2024-06-11 17:18:31'),('d38a6f52-3ae4-46ab-bb32-e483233a144b','App\\Notifications\\NewOffer','App\\Models\\User',1,'{\"order_ref\":\"px3e8j\",\"total\":195,\"type\":\"Vendre\",\"date\":\"2024-07-21T01:21:39.000000Z\",\"status\":\"en cours\"}',NULL,'2024-07-21 01:21:42','2024-07-21 01:21:42'),('d40c4842-1f4e-4ca4-bacb-9483c2bc3010','App\\Notifications\\NewFreshOrder','App\\Models\\User',5,'{\"order_ref\":\"5C3N8zuW\",\"total\":\"9.68\",\"type\":\"Achat\",\"date\":\"2024-06-03T17:02:00.000000Z\",\"status\":\"V\\u00e9rification du paiement\"}',NULL,'2024-06-03 17:02:16','2024-06-03 17:02:16'),('d42c057a-3a7f-434b-bb59-a5f7c81106a2','App\\Notifications\\OrderCancelled','App\\Models\\User',55,'{\"order_ref\":\"ccKaQN96\",\"total\":\"18.00\",\"type\":\"Achat\",\"date\":\"2024-06-10T07:50:09.000000Z\",\"status\":\"Annul\\u00e9e\"}',NULL,'2024-06-10 07:54:08','2024-06-10 07:54:08'),('d47359ea-1e35-42b6-aaa6-54c61052ccae','App\\Notifications\\OrderWaitShipping','App\\Models\\User',5,'{\"order_ref\":\"uLIbkcP0\",\"total\":\"21.21\",\"type\":\"Achat\",\"date\":\"2024-06-03T17:20:31.000000Z\",\"status\":\"En cours de livraison\"}',NULL,'2024-06-03 17:28:11','2024-06-03 17:28:11'),('d49b3c78-d292-4970-841c-6de66bc673f2','App\\Notifications\\NewOffer','App\\Models\\User',48,'{\"order_ref\":\"VVQsqAj1\",\"total\":\"61.2\",\"type\":\"Vendre\",\"date\":\"2024-06-06T20:34:32.000000Z\",\"status\":\"en cours\"}',NULL,'2024-06-06 20:34:33','2024-06-06 20:34:33'),('d4bd04bb-695c-4158-bc62-64b4d4f39ab0','App\\Notifications\\OrderWaitShipping','App\\Models\\User',26,'{\"order_ref\":\"n4qnV3VB\",\"total\":\"181.69\",\"type\":\"Achat\",\"date\":\"2024-06-10T16:21:36.000000Z\",\"status\":\"En cours de livraison\"}',NULL,'2024-06-10 16:51:55','2024-06-10 16:51:55'),('d4fd883d-61fd-47be-abec-a1ff2ac5e135','App\\Notifications\\OfferDilivered','App\\Models\\User',29,'{\"order_ref\":\"J0iZbmns\",\"total\":\"1770.00\",\"type\":\"Vendre\",\"date\":\"2024-06-02T18:20:01.000000Z\",\"status\":\"paye\"}',NULL,'2024-06-02 18:48:38','2024-06-02 18:48:38'),('d5800c01-830d-4bda-852c-e7d8e9204eb8','App\\Notifications\\OfferDilivered','App\\Models\\User',19,'{\"order_ref\":\"x7GvL2lP\",\"total\":\"400.200\",\"type\":\"Vendre\",\"date\":\"2024-07-11T22:21:50.000000Z\",\"status\":\"paye\"}',NULL,'2024-07-11 22:38:00','2024-07-11 22:38:00'),('d6e6e21b-592a-496b-803e-32ec3022be63','App\\Notifications\\OfferDilivered','App\\Models\\User',53,'{\"order_ref\":\"7nmVMpOy\",\"total\":\"469.799\",\"type\":\"Vendre\",\"date\":\"2024-06-20T19:31:33.000000Z\",\"status\":\"paye\"}',NULL,'2024-06-20 19:40:29','2024-06-20 19:40:29'),('d7bfad17-4525-4104-b2e8-8e9b374e9c02','App\\Notifications\\OrderWaitShipping','App\\Models\\User',71,'{\"order_ref\":\"wGeh6r6J\",\"total\":\"19.400\",\"type\":\"Achat\",\"date\":\"2024-06-19T09:37:15.000000Z\",\"status\":\"En cours de livraison\"}',NULL,'2024-06-19 10:31:09','2024-06-19 10:31:09'),('d8a6559f-3d10-40d2-8932-777dd871b0f2','App\\Notifications\\OfferDilivered','App\\Models\\User',23,'{\"order_ref\":\"DGFOefp6\",\"total\":\"318.500\",\"type\":\"Vendre\",\"date\":\"2024-07-02T21:44:18.000000Z\",\"status\":\"paye\"}',NULL,'2024-07-02 21:50:48','2024-07-02 21:50:48'),('d8fa650d-878b-434e-874b-0dcb9e35f3e5','App\\Notifications\\NewOffer','App\\Models\\User',30,'{\"order_ref\":\"ErczKJiz\",\"total\":\"370.26000000000005\",\"type\":\"Vendre\",\"date\":\"2024-06-03T11:36:07.000000Z\",\"status\":\"en cours\"}',NULL,'2024-06-03 11:36:08','2024-06-03 11:36:08'),('da0e50ff-bfca-4446-98ce-27bcde477c6d','App\\Notifications\\OrderWaitShipping','App\\Models\\User',26,'{\"order_ref\":\"DuxirZ3G\",\"total\":\"111.033\",\"type\":\"Achat\",\"date\":\"2024-06-18T14:24:44.000000Z\",\"status\":\"En cours de livraison\"}',NULL,'2024-06-18 19:06:51','2024-06-18 19:06:51'),('da32eb8e-7027-440f-8172-fc38f0d1b6f9','App\\Notifications\\NewOffer','App\\Models\\User',19,'{\"order_ref\":\"ht17rurI\",\"total\":\"434.75\",\"type\":\"Vendre\",\"date\":\"2024-06-08T15:26:51.000000Z\",\"status\":\"en cours\"}',NULL,'2024-06-08 15:26:51','2024-06-08 15:26:51'),('da7e1e36-a2f2-4355-9eb6-2ab4c1685969','App\\Notifications\\NewFreshOrder','App\\Models\\User',41,'{\"order_ref\":\"4Kb00Ek9\",\"total\":\"162.00\",\"type\":\"Achat\",\"date\":\"2024-06-05T19:09:07.000000Z\",\"status\":\"V\\u00e9rification du paiement\"}',NULL,'2024-06-05 19:10:24','2024-06-05 19:10:24'),('db76da0f-2fd4-4cee-a9a8-d233e2d7f1bd','App\\Notifications\\NewFreshOrder','App\\Models\\User',37,'{\"order_ref\":\"CKHZmeat\",\"total\":\"14.21\",\"type\":\"Achat\",\"date\":\"2024-06-08T19:14:32.000000Z\",\"status\":\"V\\u00e9rification du paiement\"}',NULL,'2024-06-08 19:15:59','2024-06-08 19:15:59'),('dc3b70e8-a7e9-4289-8b16-36624e0e1d7e','App\\Notifications\\NewFreshOrder','App\\Models\\User',3,'{\"order_ref\":\"0BmqMsmX\",\"total\":\"9.25\",\"type\":\"Achat\",\"date\":\"2024-05-26T23:40:36.000000Z\",\"status\":\"V\\u00e9rification du paiement\"}',NULL,'2024-05-26 23:40:47','2024-05-26 23:40:47'),('dc893607-741e-4b07-8c51-6e81a9d5defd','App\\Notifications\\NewOffer','App\\Models\\User',30,'{\"order_ref\":\"T84LoUhl\",\"total\":325,\"type\":\"Vendre\",\"date\":\"2024-07-12T19:33:02.000000Z\",\"status\":\"en cours\"}',NULL,'2024-07-12 19:33:02','2024-07-12 19:33:02'),('dc937e7b-bbef-4328-99b6-35c54f473a8c','App\\Notifications\\NewFreshOrder','App\\Models\\User',1,'{\"order_ref\":\"ffugtx\",\"total\":51.397,\"type\":\"Achat\",\"date\":\"2024-07-22T15:23:07.000000Z\",\"status\":\"V\\u00e9rification du paiement\"}',NULL,'2024-07-22 15:23:09','2024-07-22 15:23:09'),('dd15fd1f-4fcf-4e89-a3d0-4dbe7463426e','App\\Notifications\\NewFreshOrder','App\\Models\\User',71,'{\"order_ref\":\"q46i862g\",\"total\":\"19.400\",\"type\":\"Achat\",\"date\":\"2024-06-19T09:07:53.000000Z\",\"status\":\"V\\u00e9rification du paiement\"}',NULL,'2024-06-19 09:11:34','2024-06-19 09:11:34'),('dd540b09-bd3c-4e0d-a237-4016d33ff8a8','App\\Notifications\\OfferDilivered','App\\Models\\User',70,'{\"order_ref\":\"uiu4qgjZ\",\"total\":\"170.000\",\"type\":\"Vendre\",\"date\":\"2024-07-08T20:18:22.000000Z\",\"status\":\"paye\"}',NULL,'2024-07-08 20:30:37','2024-07-08 20:30:37'),('dd68e956-f0d1-431d-81e4-6de24d47f4cc','App\\Notifications\\OfferDilivered','App\\Models\\User',23,'{\"order_ref\":\"w5r7TIXj\",\"total\":\"309.400\",\"type\":\"Vendre\",\"date\":\"2024-07-02T15:05:30.000000Z\",\"status\":\"paye\"}',NULL,'2024-07-02 15:14:27','2024-07-02 15:14:27'),('df638d0c-7fe7-4a7f-af88-1a00b39da17b','App\\Notifications\\OfferDilivered','App\\Models\\User',23,'{\"order_ref\":\"HsM0yKI9\",\"total\":\"344.000\",\"type\":\"Vendre\",\"date\":\"2024-06-26T19:15:41.000000Z\",\"status\":\"paye\"}',NULL,'2024-06-26 19:29:41','2024-06-26 19:29:41'),('dfdfcbc3-6fec-4783-b800-31261df1d3a5','App\\Notifications\\NewOffer','App\\Models\\User',1,'{\"order_ref\":\"mov9k3\",\"total\":275.6,\"type\":\"Vendre\",\"date\":\"2024-07-21T04:48:49.000000Z\",\"status\":\"en cours\"}',NULL,'2024-07-21 04:48:52','2024-07-21 04:48:52'),('e03496d2-6d0e-4d61-bf24-d4433eb498e0','App\\Notifications\\OrderWaitShipping','App\\Models\\User',26,'{\"order_ref\":\"1X7wkTwk\",\"total\":\"141.315\",\"type\":\"Achat\",\"date\":\"2024-06-27T17:14:13.000000Z\",\"status\":\"En cours de livraison\"}',NULL,'2024-06-27 17:40:55','2024-06-27 17:40:55'),('e079ff9f-e972-47e8-8c8c-d7dbcc712b2a','App\\Notifications\\NewOffer','App\\Models\\User',92,'{\"order_ref\":\"6eEjumFj\",\"total\":1701.7,\"type\":\"Vendre\",\"date\":\"2024-07-02T19:15:57.000000Z\",\"status\":\"en cours\"}',NULL,'2024-07-02 19:15:59','2024-07-02 19:15:59'),('e0f20d90-51ba-496b-8494-c9170d8aabf8','App\\Notifications\\NewOffer','App\\Models\\User',23,'{\"order_ref\":\"bqW5hGP8\",\"total\":480.6,\"type\":\"Echange\",\"date\":\"2024-07-20T15:40:25.000000Z\",\"status\":\"en cours\"}','2024-07-08 20:18:22','2024-07-20 15:40:26','2024-07-20 15:40:26'),('e18fb16c-307c-48d9-bf33-ae2ff8e33ba5','App\\Notifications\\OrderWaitShipping','App\\Models\\User',26,'{\"order_ref\":\"HfPxUIIt\",\"total\":\"48.41\",\"type\":\"Achat\",\"date\":\"2024-06-02T12:36:59.000000Z\",\"status\":\"En cours de livraison\"}',NULL,'2024-06-02 13:27:06','2024-06-02 13:27:06'),('e1f999e9-e399-4c24-ac9e-b35b8dde6823','App\\Notifications\\OfferDilivered','App\\Models\\User',68,'{\"order_ref\":\"OxdhvpRY\",\"total\":\"556.800\",\"type\":\"Vendre\",\"date\":\"2024-06-16T16:15:40.000000Z\",\"status\":\"paye\"}',NULL,'2024-06-16 16:36:13','2024-06-16 16:36:13'),('e2339eb3-9f60-450c-adc7-e8f4e7d5bd9c','App\\Notifications\\NewOffer','App\\Models\\User',19,'{\"order_ref\":\"Ts6pale6\",\"total\":593.4,\"type\":\"Vendre\",\"date\":\"2024-07-01T22:57:16.000000Z\",\"status\":\"en cours\"}',NULL,'2024-07-01 22:57:16','2024-07-01 22:57:16'),('e2f12a20-81eb-4bc6-a32d-a146ec55c07e','App\\Notifications\\NewOffer','App\\Models\\User',1,'{\"order_ref\":\"3ijhm2\",\"total\":130,\"type\":\"Vendre\",\"date\":\"2024-07-22T13:20:52.000000Z\",\"status\":\"en cours\"}',NULL,'2024-07-22 13:20:54','2024-07-22 13:20:54'),('e309ee90-e2ba-46de-bf20-266bec9622fd','App\\Notifications\\NewOffer','App\\Models\\User',35,'{\"order_ref\":\"wrJtEEcr\",\"total\":\"1080\",\"type\":\"Vendre\",\"date\":\"2024-06-03T15:36:54.000000Z\",\"status\":\"en cours\"}',NULL,'2024-06-03 15:36:55','2024-06-03 15:36:55'),('e3304e71-97ff-4c21-ab77-2d9c1f51bc04','App\\Notifications\\NewOffer','App\\Models\\User',1,'{\"order_ref\":\"giscl1\",\"total\":130,\"type\":\"Vendre\",\"date\":\"2024-07-22T13:21:24.000000Z\",\"status\":\"en cours\"}',NULL,'2024-07-22 13:21:26','2024-07-22 13:21:26'),('e3bd7440-dcee-438a-96eb-aa024ee62fcd','App\\Notifications\\OfferDilivered','App\\Models\\User',1,'{\"order_ref\":\"mov9k3\",\"total\":\"275.600\",\"type\":\"Vendre\",\"date\":\"2024-07-21T04:48:49.000000Z\",\"status\":\"paye\"}',NULL,'2024-07-21 15:44:26','2024-07-21 15:44:26'),('e46a5bc1-6889-4dcb-a0cf-c0de939d7011','App\\Notifications\\OfferDilivered','App\\Models\\User',35,'{\"order_ref\":\"tRu1oRye\",\"total\":\"869.999\",\"type\":\"Vendre\",\"date\":\"2024-07-10T21:33:11.000000Z\",\"status\":\"paye\"}',NULL,'2024-07-10 21:59:46','2024-07-10 21:59:46'),('e51fe444-9687-407a-965a-c22fd4a1fc1d','App\\Notifications\\NewOffer','App\\Models\\User',5,'{\"order_ref\":\"PyPmaK1m\",\"total\":\"176\",\"type\":\"Vendre\",\"date\":\"2024-06-06T19:51:05.000000Z\",\"status\":\"en cours\"}',NULL,'2024-06-06 19:51:05','2024-06-06 19:51:05'),('e53c2263-7176-4a79-a92e-ff36077917a1','App\\Notifications\\NewFreshOrder','App\\Models\\User',4,'{\"order_ref\":\"WITcoD1T\",\"total\":\"9.25\",\"type\":\"Achat\",\"date\":\"2024-05-26T23:42:22.000000Z\",\"status\":\"V\\u00e9rification du paiement\"}',NULL,'2024-05-26 23:42:28','2024-05-26 23:42:28'),('ea5d6c6b-2815-4874-9bee-6efe7a865d3f','App\\Notifications\\NewOffer','App\\Models\\User',70,'{\"order_ref\":\"uiu4qgjZ\",\"total\":170,\"type\":\"Vendre\",\"date\":\"2024-07-08T20:18:22.000000Z\",\"status\":\"en cours\"}','2024-07-08 20:18:22','2024-07-08 20:18:22','2024-07-08 20:18:22'),('eb297ece-84ed-41d0-af30-c7a021dc1c1d','App\\Notifications\\OrderCancelled','App\\Models\\User',1,'{\"order_ref\":\"s9atzq\",\"total\":\"51.097\",\"type\":\"Achat\",\"date\":\"2024-07-22T16:41:02.000000Z\",\"status\":\"main.cancelled\"}',NULL,'2024-07-22 16:50:08','2024-07-22 16:50:08'),('eb796c9e-a051-481b-9f4c-7c22e6e9f798','App\\Notifications\\NewFreshOrder','App\\Models\\User',108,'{\"order_ref\":\"fhbUKL3z\",\"total\":\"14.832\",\"type\":\"Achat\",\"date\":\"2024-07-19T14:42:00.000000Z\",\"status\":\"V\\u00e9rification du paiement\"}',NULL,'2024-07-19 14:42:07','2024-07-19 14:42:07'),('ebc7f220-7322-4e52-b45e-655316f88f47','App\\Notifications\\NewFreshOrder','App\\Models\\User',59,'{\"order_ref\":\"Vkv2B4gA\",\"total\":\"91.67\",\"type\":\"Achat\",\"date\":\"2024-06-11T10:39:57.000000Z\",\"status\":\"V\\u00e9rification du paiement\"}',NULL,'2024-06-11 10:40:01','2024-06-11 10:40:01'),('ee7ab3f2-e456-4385-b70c-7e45311887d8','App\\Notifications\\NewOffer','App\\Models\\User',19,'{\"order_ref\":\"mbppuVAE\",\"total\":401.36,\"type\":\"Vendre\",\"date\":\"2024-07-16T12:37:57.000000Z\",\"status\":\"en cours\"}',NULL,'2024-07-16 12:37:58','2024-07-16 12:37:58'),('f0bd0109-49f3-4edd-9e28-acbc99da1bc2','App\\Notifications\\NewOffer','App\\Models\\User',1,'{\"order_ref\":\"ax32yh\",\"total\":130,\"type\":\"Vendre\",\"date\":\"2024-07-22T13:21:59.000000Z\",\"status\":\"en cours\"}',NULL,'2024-07-22 13:22:02','2024-07-22 13:22:02'),('f0d5a991-2f8f-49c5-b116-fb3d62f17945','App\\Notifications\\OfferDilivered','App\\Models\\User',27,'{\"order_ref\":\"AKHiuT9d\",\"total\":\"19.550\",\"type\":\"Vendre\",\"date\":\"2024-06-26T13:13:46.000000Z\",\"status\":\"paye\"}',NULL,'2024-06-26 13:33:58','2024-06-26 13:33:58'),('f13d0b4d-220f-4f55-bcee-9ffe048cb1b8','App\\Notifications\\NewFreshOrder','App\\Models\\User',1,'{\"order_ref\":\"808xuz\",\"total\":539.668,\"type\":\"Achat\",\"date\":\"2024-07-22T12:39:12.000000Z\",\"status\":\"V\\u00e9rification du paiement\"}',NULL,'2024-07-22 12:39:19','2024-07-22 12:39:19'),('f1aaaae9-f80c-4ba4-b5a4-18ea1452387b','App\\Notifications\\NewOffer','App\\Models\\User',5,'{\"order_ref\":\"fi2ACxIh\",\"total\":\"160\",\"type\":\"Vendre\",\"date\":\"2024-06-06T20:07:05.000000Z\",\"status\":\"en cours\"}',NULL,'2024-06-06 20:07:05','2024-06-06 20:07:05'),('f2ca39ce-b71a-4908-94b1-b23a82ff26fa','App\\Notifications\\OrderWaitShipping','App\\Models\\User',71,'{\"order_ref\":\"q46i862g\",\"total\":\"19.400\",\"type\":\"Achat\",\"date\":\"2024-06-19T09:07:53.000000Z\",\"status\":\"En cours de livraison\"}',NULL,'2024-06-19 09:20:56','2024-06-19 09:20:56'),('f30f035c-616d-4e0f-981a-0a6f5b4a1ace','App\\Notifications\\OfferDilivered','App\\Models\\User',30,'{\"order_ref\":\"5atXRl5G\",\"total\":\"483.12\",\"type\":\"Vendre\",\"date\":\"2024-06-02T16:45:28.000000Z\",\"status\":\"paye\"}',NULL,'2024-06-02 16:56:47','2024-06-02 16:56:47'),('f30f3dc6-1ca5-4fac-8139-4016f0cbba0f','App\\Notifications\\NewOffer','App\\Models\\User',30,'{\"order_ref\":\"5atXRl5G\",\"total\":\"483.12\",\"type\":\"Vendre\",\"date\":\"2024-06-02T16:45:28.000000Z\",\"status\":\"en cours\"}',NULL,'2024-06-02 16:45:28','2024-06-02 16:45:28'),('f36cdd9f-e737-43c7-adb5-e47c52af7253','App\\Notifications\\NewOffer','App\\Models\\User',68,'{\"order_ref\":\"bxlsCORJ\",\"total\":276,\"type\":\"Vendre\",\"date\":\"2024-06-16T14:27:55.000000Z\",\"status\":\"en cours\"}',NULL,'2024-06-16 14:27:55','2024-06-16 14:27:55'),('f397bf9d-2431-4dd2-aabb-af146622dab5','App\\Notifications\\OfferDilivered','App\\Models\\User',27,'{\"order_ref\":\"3y1tLvrE\",\"total\":\"29.05\",\"type\":\"Vendre\",\"date\":\"2024-06-06T15:01:27.000000Z\",\"status\":\"paye\"}',NULL,'2024-06-06 15:20:28','2024-06-06 15:20:28'),('f3c8771a-6686-4475-a96b-dfa4578e80d5','App\\Notifications\\OrderCancelled','App\\Models\\User',59,'{\"order_ref\":\"Vkv2B4gA\",\"total\":\"91.67\",\"type\":\"Achat\",\"date\":\"2024-06-11T10:39:57.000000Z\",\"status\":\"Annul\\u00e9e\"}',NULL,'2024-06-11 17:43:56','2024-06-11 17:43:56'),('f4cc3d0a-50c0-4dfb-a9c6-cb8c68580f5d','App\\Notifications\\OfferDilivered','App\\Models\\User',68,'{\"order_ref\":\"bxlsCORJ\",\"total\":\"276.000\",\"type\":\"Vendre\",\"date\":\"2024-06-16T14:27:55.000000Z\",\"status\":\"paye\"}',NULL,'2024-06-16 14:44:02','2024-06-16 14:44:02'),('f59420db-ed49-4100-8d4c-75071aee5715','App\\Notifications\\OrderWaitShipping','App\\Models\\User',26,'{\"order_ref\":\"GJ5p56tH\",\"total\":\"14.21\",\"type\":\"Achat\",\"date\":\"2024-06-07T16:47:50.000000Z\",\"status\":\"En cours de livraison\"}',NULL,'2024-06-07 17:01:16','2024-06-07 17:01:16'),('f59deb7f-2cdc-4d13-b5c1-3b55f594c3a1','App\\Notifications\\NewOffer','App\\Models\\User',23,'{\"order_ref\":\"gqZlJlIQ\",\"total\":\"2023.9999999999998\",\"type\":\"Vendre\",\"date\":\"2024-06-03T21:13:18.000000Z\",\"status\":\"en cours\"}',NULL,'2024-06-03 21:13:18','2024-06-03 21:13:18'),('f5aaa9df-6803-4381-b9d8-a3ecd2314632','App\\Notifications\\OfferDilivered','App\\Models\\User',29,'{\"order_ref\":\"ryjjHnjK\",\"total\":\"1839.999\",\"type\":\"Vendre\",\"date\":\"2024-07-12T16:14:35.000000Z\",\"status\":\"paye\"}',NULL,'2024-07-12 16:25:55','2024-07-12 16:25:55'),('f7b359e9-b02e-41e3-9f19-f10213afbb12','App\\Notifications\\OrderDilivered','App\\Models\\User',1,'{\"order_ref\":\"bdalom\",\"total\":\"51.397\",\"type\":\"Achat\",\"date\":\"2024-07-22T12:13:36.000000Z\",\"status\":\"main.delivered\"}',NULL,'2024-07-22 12:19:09','2024-07-22 12:19:09'),('f97c7b9c-109e-48ef-8c54-13c7b2c35b81','App\\Notifications\\NewOffer','App\\Models\\User',23,'{\"order_ref\":\"HsM0yKI9\",\"total\":344,\"type\":\"Vendre\",\"date\":\"2024-06-26T19:15:41.000000Z\",\"status\":\"en cours\"}',NULL,'2024-06-26 19:15:42','2024-06-26 19:15:42'),('fa993a28-1d61-44b2-96c1-ff87dfeb3b11','App\\Notifications\\NewOffer','App\\Models\\User',29,'{\"order_ref\":\"ryjjHnjK\",\"total\":1839.999,\"type\":\"Vendre\",\"date\":\"2024-07-12T16:14:35.000000Z\",\"status\":\"en cours\"}',NULL,'2024-07-12 16:14:35','2024-07-12 16:14:35'),('faf57c81-1a4e-4e15-a5fd-e75c4ca67772','App\\Notifications\\NewOffer','App\\Models\\User',78,'{\"order_ref\":\"MMwCVopD\",\"total\":350.2,\"type\":\"Vendre\",\"date\":\"2024-06-23T23:14:24.000000Z\",\"status\":\"en cours\"}',NULL,'2024-06-23 23:14:26','2024-06-23 23:14:26'),('fb09691c-2b17-493a-9cb0-b01f7a200791','App\\Notifications\\NewFreshOrder','App\\Models\\User',1,'{\"order_ref\":\"juvx50\",\"total\":51.397,\"type\":\"Achat\",\"date\":\"2024-07-22T17:05:50.000000Z\",\"status\":\"V\\u00e9rification du paiement\"}',NULL,'2024-07-22 17:05:53','2024-07-22 17:05:53'),('fb81d887-e289-4605-bfec-a9f43a9ba5df','App\\Notifications\\NewOffer','App\\Models\\User',5,'{\"order_ref\":\"EoDNhgaP\",\"total\":\"155\",\"type\":\"Vendre\",\"date\":\"2024-05-27T11:54:03.000000Z\",\"status\":\"en cours\"}',NULL,'2024-05-27 11:54:04','2024-05-27 11:54:04'),('fbc858c0-9806-4fda-ab80-4bfe5982a788','App\\Notifications\\OrderCancelled','App\\Models\\User',56,'{\"order_ref\":\"ph4FQDLX\",\"total\":\"270.000\",\"type\":\"Achat\",\"date\":\"2024-06-20T12:57:47.000000Z\",\"status\":\"Annul\\u00e9e\"}',NULL,'2024-06-20 17:03:26','2024-06-20 17:03:26'),('fc45bb3b-6667-427b-ac7c-e82bc586a47a','App\\Notifications\\OrderDilivered','App\\Models\\User',9,'{\"order_ref\":\"AMIIlwl2\",\"total\":\"46.35\",\"type\":\"Achat\",\"date\":\"2024-05-30T10:45:55.000000Z\",\"status\":\"Livr\\u00e9\"}',NULL,'2024-05-30 10:49:39','2024-05-30 10:49:39'),('fd2dfe8a-c31e-4bcb-be83-aecb4658d247','App\\Notifications\\NewOffer','App\\Models\\User',5,'{\"order_ref\":\"4IIFzJNr\",\"total\":\"532\",\"type\":\"Vendre\",\"date\":\"2024-06-03T16:53:44.000000Z\",\"status\":\"en cours\"}',NULL,'2024-06-03 16:53:45','2024-06-03 16:53:45'),('fd5895eb-9988-4737-9742-2cd48de0abc4','App\\Notifications\\NewOffer','App\\Models\\User',1,'{\"order_ref\":\"cojoo0\",\"total\":1.3,\"type\":\"Vendre\",\"date\":\"2024-07-22T13:08:28.000000Z\",\"status\":\"en cours\"}',NULL,'2024-07-22 13:08:51','2024-07-22 13:08:51'),('feed7546-f146-414f-bd92-d5e39811b7c6','App\\Notifications\\OfferDilivered','App\\Models\\User',19,'{\"order_ref\":\"3UYurLNb\",\"total\":\"1360.679\",\"type\":\"Vendre\",\"date\":\"2024-07-10T23:07:00.000000Z\",\"status\":\"paye\"}',NULL,'2024-07-10 23:31:04','2024-07-10 23:31:04');
/*!40000 ALTER TABLE `notifications` ENABLE KEYS */;
UNLOCK TABLES;

--
-- Table structure for table `offer_servers`
--

DROP TABLE IF EXISTS `offer_servers`;
/*!40101 SET @saved_cs_client     = @@character_set_client */;
/*!50503 SET character_set_client = utf8mb4 */;
CREATE TABLE `offer_servers` (
  `id` bigint unsigned NOT NULL AUTO_INCREMENT,
  `name` varchar(255) CHARACTER SET utf8mb4 COLLATE utf8mb4_unicode_ci NOT NULL,
  `active` tinyint NOT NULL DEFAULT '0',
  `price` decimal(8,3) DEFAULT NULL,
  `paypal_price` decimal(8,3) NOT NULL,
  `skrill_price` decimal(8,3) NOT NULL,
  `cih_price` decimal(8,2) NOT NULL,
  `stripe_price` decimal(8,3) DEFAULT NULL,
  `min` int unsigned NOT NULL DEFAULT '15',
  `max` int unsigned NOT NULL DEFAULT '150',
  `map_id` bigint unsigned DEFAULT NULL,
  `created_at` timestamp NULL DEFAULT NULL,
  `updated_at` timestamp NULL DEFAULT NULL,
  `image` varchar(250) COLLATE utf8mb4_unicode_ci NOT NULL DEFAULT 'default_server.png',
  PRIMARY KEY (`id`),
  KEY `offer_servers_map_id_foreign` (`map_id`),
  CONSTRAINT `offer_servers_map_id_foreign` FOREIGN KEY (`map_id`) REFERENCES `maps` (`id`)
) ENGINE=InnoDB AUTO_INCREMENT=2 DEFAULT CHARSET=utf8mb4 COLLATE=utf8mb4_unicode_ci;
/*!40101 SET character_set_client = @saved_cs_client */;

--
-- Dumping data for table `offer_servers`
--

LOCK TABLES `offer_servers` WRITE;
/*!40000 ALTER TABLE `offer_servers` DISABLE KEYS */;
INSERT INTO `offer_servers` VALUES (1,'Oshimo',1,1.300,1.350,1.500,0.01,1.455,10,100,2,'2024-07-01 19:05:04','2024-07-05 17:02:00','servers-vendre/July2024/gzrvHGICPNWNouIJ13Nl.png');
/*!40000 ALTER TABLE `offer_servers` ENABLE KEYS */;
UNLOCK TABLES;

--
-- Table structure for table `offers`
--

DROP TABLE IF EXISTS `offers`;
/*!40101 SET @saved_cs_client     = @@character_set_client */;
/*!50503 SET character_set_client = utf8mb4 */;
CREATE TABLE `offers` (
  `id` bigint unsigned NOT NULL AUTO_INCREMENT,
  `user_id` bigint unsigned NOT NULL,
  `server_id` bigint unsigned NOT NULL,
  `orderId` char(36) COLLATE utf8mb4_unicode_ci NOT NULL,
  `quantity` decimal(10,3) DEFAULT NULL,
  `total` decimal(8,3) DEFAULT NULL,
  `game_id` varchar(255) COLLATE utf8mb4_unicode_ci DEFAULT NULL,
  `payment_id` bigint unsigned NOT NULL,
  `payment_info` varchar(255) COLLATE utf8mb4_unicode_ci DEFAULT NULL,
  `payment_info_b` varchar(255) COLLATE utf8mb4_unicode_ci DEFAULT NULL,
  `name` varchar(255) COLLATE utf8mb4_unicode_ci NOT NULL,
  `email` varchar(255) COLLATE utf8mb4_unicode_ci NOT NULL,
  `discord` varchar(255) COLLATE utf8mb4_unicode_ci NOT NULL,
  `status` enum('pending','progress','cancelled','completed') COLLATE utf8mb4_unicode_ci NOT NULL DEFAULT 'pending',
  `created_at` timestamp NULL DEFAULT NULL,
  `updated_at` timestamp NULL DEFAULT NULL,
  PRIMARY KEY (`id`)
) ENGINE=InnoDB AUTO_INCREMENT=34 DEFAULT CHARSET=utf8mb4 COLLATE=utf8mb4_unicode_ci;
/*!40101 SET character_set_client = @saved_cs_client */;

--
-- Dumping data for table `offers`
--

LOCK TABLES `offers` WRITE;
/*!40000 ALTER TABLE `offers` DISABLE KEYS */;
INSERT INTO `offers` VALUES (11,1,1,'ABC123',100.000,130.000,'user',11,'skrill@gmail.com',NULL,'User User','user@gmail.com','none','completed','2024-07-05 17:02:41','2024-07-20 12:26:38'),(12,6,1,'huw4uj',100.000,130.000,'dwejdk',9,'paypal@gmail.com',NULL,'Med Med','sjqkwn@gmail.com','none','completed','2024-07-10 14:03:44','2024-07-20 12:25:45'),(13,6,1,'h9kw3g',100.000,130.000,'jna',9,'ppl@gmail.com',NULL,'name','jhgjhg@gmail.com','none','cancelled','2024-07-16 16:33:59','2024-07-20 12:21:53'),(14,6,1,'qtsaqq',150.000,195.000,'new',9,'client@ppl.com',NULL,'Client Client','email@gmail.com','none','pending','2024-07-20 12:42:14','2024-07-20 12:42:14'),(15,8,1,'65n68m',100.000,130.000,'userA',12,NULL,NULL,'Med Med','client10@gmail.com','none','completed','2024-07-20 22:09:07','2024-07-20 22:11:26'),(16,1,1,'2l37h2',150.000,195.000,'kdnwed',14,'Bank africa','9281098210980912','Admin','admin@ecom.com','none','pending','2024-07-21 01:14:20','2024-07-21 01:14:20'),(17,1,1,'o7ivuy',150.000,195.000,'kdnwed',14,'Bank africa','9281098210980912','Admin','admin@ecom.com','none','cancelled','2024-07-21 01:14:50','2024-07-21 01:29:16'),(18,1,1,'ehqkt0',150.000,195.000,'kdnwed',14,'Bank africa','9281098210980912','Admin','admin@ecom.com','none','completed','2024-07-21 01:17:54','2024-07-21 01:28:24'),(19,1,1,'px3e8j',150.000,195.000,'kdnwed',14,'Bank africa','9281098210980912','Admin','admin@ecom.com','none','completed','2024-07-21 01:21:39','2024-07-21 01:22:40'),(20,1,1,'od5u7i',200.000,260.000,'dkwednj',14,'bank africa','1987891791729817','Admin','admin@ecom.com','none','pending','2024-07-21 04:47:16','2024-07-21 04:47:16'),(21,1,1,'mov9k3',212.000,275.600,'dkjwn',14,'bank africa','1987891791729817','Name name','email@gmail.com','none','completed','2024-07-21 04:48:49','2024-07-21 15:44:20'),(22,1,1,'dlowl1',50.000,65.000,'jkhdekw',11,'skrill@gmail.com',NULL,'Admin','admin@ecom.com','none','pending','2024-07-22 12:43:23','2024-07-22 12:43:23'),(23,1,1,'1l3zyo',100.000,130.000,'dkjenwk',9,'ppl@gmail.com',NULL,'Admin','admin@ecom.com','none','pending','2024-07-22 12:49:03','2024-07-22 12:49:03'),(24,1,1,'3cte7i',100.000,130.000,'kjdwnkjwn',9,'ppl@gmail.com',NULL,'Admin','admin@ecom.com','none','pending','2024-07-22 12:50:35','2024-07-22 12:50:35'),(25,1,1,'cojoo0',1.000,1.300,'dwjkdkj',11,'skrill@gmail.com',NULL,'Admin','admin@ecom.com','none','pending','2024-07-22 13:08:28','2024-07-22 13:08:28'),(26,1,1,'3ijhm2',100.000,130.000,'dkwjdnk',11,'skrill@gmail.com',NULL,'Admin','admin@ecom.com','none','pending','2024-07-22 13:20:52','2024-07-22 13:20:52'),(27,1,1,'giscl1',100.000,130.000,'dkjwelkd',9,'ppl@gmail.com',NULL,'Admin','admin@ecom.com','none','pending','2024-07-22 13:21:24','2024-07-22 13:21:24'),(28,1,1,'ax32yh',100.000,130.000,'kjdhkjwed',11,'skrill@gmail.com',NULL,'Admin','admin@ecom.com','none','pending','2024-07-22 13:21:59','2024-07-22 13:21:59'),(29,1,1,'qi4fw4',100.000,130.000,'akjhakj',9,'ppl@gmail.com',NULL,'Admin','admin@ecom.com','none','pending','2024-07-22 13:22:55','2024-07-22 13:22:55'),(30,1,1,'nctto1',100.000,130.000,'dkwjdkj',11,'skrill@gmail.com',NULL,'Admin','admin@ecom.com','none','pending','2024-07-22 13:24:03','2024-07-22 13:24:03'),(31,1,1,'5vh11m',100.000,130.000,'dwkejd',9,'ppl@gmail.com',NULL,'Admin','admin@ecom.com','none','pending','2024-07-22 13:25:12','2024-07-22 13:25:12'),(32,1,1,'s0dygy',100.000,130.000,'wefwe',9,'ppl@gmail.com',NULL,'Admin','admin@ecom.com','none','pending','2024-07-22 16:13:10','2024-07-22 16:13:10'),(33,1,1,'b2gt9k',100.000,130.000,'jkbkjbk',9,'ppl@gmail.com',NULL,'Admin','admin@ecom.com','none','pending','2024-07-22 16:13:54','2024-07-22 16:13:54');
/*!40000 ALTER TABLE `offers` ENABLE KEYS */;
UNLOCK TABLES;

--
-- Table structure for table `orders`
--

DROP TABLE IF EXISTS `orders`;
/*!40101 SET @saved_cs_client     = @@character_set_client */;
/*!50503 SET character_set_client = utf8mb4 */;
CREATE TABLE `orders` (
  `id` bigint unsigned NOT NULL AUTO_INCREMENT,
  `reference` char(36) COLLATE utf8mb4_unicode_ci NOT NULL,
  `quantity` decimal(25,6) DEFAULT NULL,
  `total` decimal(8,3) DEFAULT NULL,
  `bonus` int DEFAULT NULL,
  `payment_id` int NOT NULL,
  `payed` tinyint(1) NOT NULL DEFAULT '0',
  `payment_verified` tinyint(1) NOT NULL DEFAULT '0',
  `facturer` tinyint(1) NOT NULL DEFAULT '0',
  `liviser` tinyint(1) NOT NULL DEFAULT '0',
  `delivered` tinyint(1) NOT NULL DEFAULT '0',
  `order_completed` tinyint(1) NOT NULL DEFAULT '0',
  `facturation_name` varchar(50) COLLATE utf8mb4_unicode_ci DEFAULT NULL,
  `facturation_discrod` varchar(50) COLLATE utf8mb4_unicode_ci DEFAULT NULL,
  `facturation_email` varchar(50) COLLATE utf8mb4_unicode_ci DEFAULT NULL,
  `facturation_code` varchar(50) COLLATE utf8mb4_unicode_ci DEFAULT NULL,
  `facturation_city` varchar(50) COLLATE utf8mb4_unicode_ci DEFAULT NULL,
  `facturation_phone` varchar(50) COLLATE utf8mb4_unicode_ci DEFAULT NULL,
  `facturation_agree` tinyint NOT NULL DEFAULT '0',
  `server_id` bigint unsigned NOT NULL,
  `user_id` bigint unsigned NOT NULL,
  `created_at` timestamp NULL DEFAULT NULL,
  `updated_at` timestamp NULL DEFAULT NULL,
  `deleted_at` timestamp NULL DEFAULT NULL,
  `username` varchar(50) COLLATE utf8mb4_unicode_ci DEFAULT NULL,
  `currency` char(10) COLLATE utf8mb4_unicode_ci NOT NULL DEFAULT 'euro',
  PRIMARY KEY (`id`)
) ENGINE=InnoDB AUTO_INCREMENT=51 DEFAULT CHARSET=utf8mb4 COLLATE=utf8mb4_unicode_ci;
/*!40101 SET character_set_client = @saved_cs_client */;

--
-- Dumping data for table `orders`
--

LOCK TABLES `orders` WRITE;
/*!40000 ALTER TABLE `orders` DISABLE KEYS */;
/*!40000 ALTER TABLE `orders` ENABLE KEYS */;
UNLOCK TABLES;

--
-- Table structure for table `pages`
--

DROP TABLE IF EXISTS `pages`;
/*!40101 SET @saved_cs_client     = @@character_set_client */;
/*!50503 SET character_set_client = utf8mb4 */;
CREATE TABLE `pages` (
  `id` bigint unsigned NOT NULL AUTO_INCREMENT,
  `title` varchar(255) CHARACTER SET utf8mb4 COLLATE utf8mb4_unicode_ci NOT NULL,
  `body` text CHARACTER SET utf8mb4 COLLATE utf8mb4_unicode_ci,
  `image` varchar(255) CHARACTER SET utf8mb4 COLLATE utf8mb4_unicode_ci DEFAULT NULL,
  `slug` varchar(255) CHARACTER SET utf8mb4 COLLATE utf8mb4_unicode_ci NOT NULL,
  `meta_description` text CHARACTER SET utf8mb4 COLLATE utf8mb4_unicode_ci,
  `meta_keywords` text CHARACTER SET utf8mb4 COLLATE utf8mb4_unicode_ci,
  `active` tinyint(1) NOT NULL DEFAULT '1',
  `created_at` timestamp NULL DEFAULT NULL,
  `updated_at` timestamp NULL DEFAULT NULL,
  `author_id` int DEFAULT '1',
  PRIMARY KEY (`id`),
  UNIQUE KEY `pages_slug_unique` (`slug`)
) ENGINE=InnoDB AUTO_INCREMENT=2 DEFAULT CHARSET=utf8mb4 COLLATE=utf8mb4_unicode_ci;
/*!40101 SET character_set_client = @saved_cs_client */;

--
-- Dumping data for table `pages`
--

LOCK TABLES `pages` WRITE;
/*!40000 ALTER TABLE `pages` DISABLE KEYS */;
INSERT INTO `pages` VALUES (1,'First page title','<p>sjknqkwjsnsqiushuiqshiquwshiquwshiuqhwsiuqwhsuqhsiuqhsiuqhsuiqhsuiqhwsui</p><ol><li>ajnjknwd</li><li>wkjdnwked</li><li>dkwjendkjwned</li></ol><p>&nbsp;</p><h2>Headline here</h2><p>&nbsp;</p><figure class=\"table\"><table><tbody><tr><td>&nbsp;</td><td>&nbsp;</td><td>&nbsp;</td><td>&nbsp;</td><td>&nbsp;</td></tr><tr><td>&nbsp;</td><td>&nbsp;</td><td>&nbsp;</td><td>&nbsp;</td><td>&nbsp;</td></tr><tr><td>&nbsp;</td><td>&nbsp;</td><td>&nbsp;</td><td>&nbsp;</td><td>&nbsp;</td></tr></tbody></table></figure><p>&nbsp;</p><p>&nbsp;</p><p>&nbsp;</p><figure class=\"media\"><oembed url=\"https://www.youtube.com/watch?v=dAT6l6IobkA&amp;ab_channel=LaravelDaily\"></oembed></figure>',NULL,'firts-page-title','Meta description for seo','Keywords,for,seo',1,'2024-05-23 22:29:39','2024-05-23 22:29:39',1);
/*!40000 ALTER TABLE `pages` ENABLE KEYS */;
UNLOCK TABLES;

--
-- Table structure for table `password_resets`
--

DROP TABLE IF EXISTS `password_resets`;
/*!40101 SET @saved_cs_client     = @@character_set_client */;
/*!50503 SET character_set_client = utf8mb4 */;
CREATE TABLE `password_resets` (
  `email` varchar(255) CHARACTER SET utf8mb4 COLLATE utf8mb4_unicode_ci NOT NULL,
  `token` varchar(255) CHARACTER SET utf8mb4 COLLATE utf8mb4_unicode_ci NOT NULL,
  `created_at` timestamp NULL DEFAULT NULL,
  PRIMARY KEY (`email`)
) ENGINE=InnoDB DEFAULT CHARSET=utf8mb4 COLLATE=utf8mb4_unicode_ci;
/*!40101 SET character_set_client = @saved_cs_client */;

--
-- Dumping data for table `password_resets`
--

LOCK TABLES `password_resets` WRITE;
/*!40000 ALTER TABLE `password_resets` DISABLE KEYS */;
INSERT INTO `password_resets` VALUES ('ahmed@gmail.com','$2y$10$ZxonHMH7XegljPeLdztW1eO7TMp87Uw67qOyz8ZU16ectbqCY66Py','2024-07-05 17:57:05'),('client10@gmail.com','$2y$10$tinl9cE/0v6B958j0N7R9e4hCR3xuYHg2n3lTnmRKtJ3mZ1ie7jGq','2024-07-21 21:05:19');
/*!40000 ALTER TABLE `password_resets` ENABLE KEYS */;
UNLOCK TABLES;

--
-- Table structure for table `payments`
--

DROP TABLE IF EXISTS `payments`;
/*!40101 SET @saved_cs_client     = @@character_set_client */;
/*!50503 SET character_set_client = utf8mb4 */;
CREATE TABLE `payments` (
  `id` bigint unsigned NOT NULL AUTO_INCREMENT,
  `name` char(50) COLLATE utf8mb4_unicode_ci NOT NULL,
  `active` tinyint(1) NOT NULL DEFAULT '1',
  `svg_name` varchar(50) COLLATE utf8mb4_unicode_ci NOT NULL,
  `fees` decimal(5,2) NOT NULL DEFAULT '0.00',
  `created_at` timestamp NULL DEFAULT NULL,
  `updated_at` timestamp NULL DEFAULT NULL,
  PRIMARY KEY (`id`),
  UNIQUE KEY `payments_name_unique` (`name`)
) ENGINE=InnoDB AUTO_INCREMENT=15 DEFAULT CHARSET=utf8mb4 COLLATE=utf8mb4_unicode_ci;
/*!40101 SET character_set_client = @saved_cs_client */;

--
-- Dumping data for table `payments`
--

LOCK TABLES `payments` WRITE;
/*!40000 ALTER TABLE `payments` DISABLE KEYS */;
INSERT INTO `payments` VALUES (1,'Stripe',1,'stripe',2.00,'2024-07-03 17:15:00','2024-07-03 17:15:00'),(2,'Lydia',1,'lydia',1.50,'2024-07-03 17:16:17','2024-07-03 17:17:06'),(3,'Revolut',1,'revolute',2.40,'2024-07-03 17:16:43','2024-07-03 17:17:21'),(4,'Mastercard',1,'mastercard',2.20,'2024-07-03 17:17:50','2024-07-03 17:17:50'),(5,'Visa',1,'visa',2.20,'2024-07-03 17:18:12','2024-07-03 17:18:12'),(6,'Giropay',1,'giropay',1.90,'2024-07-03 17:19:32','2024-07-03 17:19:32'),(7,'Ideal',1,'ideal',1.90,'2024-07-03 17:20:01','2024-07-03 17:20:01'),(8,'Bancontact',1,'bancontact',2.40,'2024-07-03 17:20:20','2024-07-03 17:20:20'),(9,'Paypal',1,'paypal',3.00,'2024-07-03 17:20:46','2024-07-03 17:20:46'),(10,'Wise',1,'wise',2.90,'2024-07-03 17:20:59','2024-07-03 17:20:59'),(11,'Skrill',1,'skrill',3.20,'2024-07-03 17:21:15','2024-07-03 17:21:15'),(12,'Usdt',1,'usdt',1.00,'2024-07-03 17:21:33','2024-07-03 17:21:33'),(13,'Bitcoin',1,'crypto',1.00,'2024-07-03 17:22:12','2024-07-03 17:22:12'),(14,'Bank transfer',1,'bank-transfer',0.00,'2024-07-03 17:22:39','2024-07-03 17:22:39');
/*!40000 ALTER TABLE `payments` ENABLE KEYS */;
UNLOCK TABLES;

--
-- Table structure for table `permission_role`
--

DROP TABLE IF EXISTS `permission_role`;
/*!40101 SET @saved_cs_client     = @@character_set_client */;
/*!50503 SET character_set_client = utf8mb4 */;
CREATE TABLE `permission_role` (
  `permission_id` bigint unsigned NOT NULL,
  `role_id` bigint unsigned NOT NULL,
  PRIMARY KEY (`permission_id`,`role_id`),
  KEY `permission_role_permission_id_index` (`permission_id`),
  KEY `permission_role_role_id_index` (`role_id`),
  CONSTRAINT `permission_role_permission_id_foreign` FOREIGN KEY (`permission_id`) REFERENCES `permissions` (`id`) ON DELETE CASCADE,
  CONSTRAINT `permission_role_role_id_foreign` FOREIGN KEY (`role_id`) REFERENCES `roles` (`id`) ON DELETE CASCADE
) ENGINE=InnoDB DEFAULT CHARSET=utf8mb4 COLLATE=utf8mb4_unicode_ci;
/*!40101 SET character_set_client = @saved_cs_client */;

--
-- Dumping data for table `permission_role`
--

LOCK TABLES `permission_role` WRITE;
/*!40000 ALTER TABLE `permission_role` DISABLE KEYS */;
INSERT INTO `permission_role` VALUES (1,1),(1,2),(1,3),(2,1),(3,1),(4,1),(5,1),(6,1),(7,1),(8,1),(9,1),(10,1),(11,1),(12,1),(13,1),(14,1),(15,1),(16,1),(17,1),(18,1),(19,1),(20,1),(21,1),(22,1),(23,1),(24,1),(25,1),(56,1),(57,1),(58,1),(59,1),(60,1),(66,1),(67,1),(68,1),(69,1),(70,1),(71,1),(72,1),(73,1),(74,1),(75,1),(76,1),(77,1),(78,1),(79,1),(80,1),(81,1),(82,1),(83,1),(84,1),(85,1),(86,1),(87,1),(88,1),(89,1),(90,1),(91,1),(91,2),(92,1),(93,1),(94,1),(95,1),(96,1),(96,2),(97,1),(98,1),(99,1),(100,1),(101,1),(101,2),(102,1),(103,1),(104,1),(105,1),(111,1),(112,1),(113,1),(114,1),(115,1),(116,1),(117,1),(118,1),(119,1),(120,1);
/*!40000 ALTER TABLE `permission_role` ENABLE KEYS */;
UNLOCK TABLES;

--
-- Table structure for table `permissions`
--

DROP TABLE IF EXISTS `permissions`;
/*!40101 SET @saved_cs_client     = @@character_set_client */;
/*!50503 SET character_set_client = utf8mb4 */;
CREATE TABLE `permissions` (
  `id` bigint unsigned NOT NULL AUTO_INCREMENT,
  `key` varchar(255) CHARACTER SET utf8mb4 COLLATE utf8mb4_unicode_ci NOT NULL,
  `table_name` varchar(255) CHARACTER SET utf8mb4 COLLATE utf8mb4_unicode_ci DEFAULT NULL,
  `created_at` timestamp NULL DEFAULT NULL,
  `updated_at` timestamp NULL DEFAULT NULL,
  PRIMARY KEY (`id`),
  KEY `permissions_key_index` (`key`)
) ENGINE=InnoDB AUTO_INCREMENT=121 DEFAULT CHARSET=utf8mb4 COLLATE=utf8mb4_unicode_ci;
/*!40101 SET character_set_client = @saved_cs_client */;

--
-- Dumping data for table `permissions`
--

LOCK TABLES `permissions` WRITE;
/*!40000 ALTER TABLE `permissions` DISABLE KEYS */;
INSERT INTO `permissions` VALUES (1,'browse_admin',NULL,'2024-05-16 19:49:30','2024-05-16 19:49:30'),(2,'browse_bread',NULL,'2024-05-16 19:49:30','2024-05-16 19:49:30'),(3,'browse_database',NULL,'2024-05-16 19:49:30','2024-05-16 19:49:30'),(4,'browse_media',NULL,'2024-05-16 19:49:30','2024-05-16 19:49:30'),(5,'browse_compass',NULL,'2024-05-16 19:49:30','2024-05-16 19:49:30'),(6,'browse_menus','menus','2024-05-16 19:49:30','2024-05-16 19:49:30'),(7,'read_menus','menus','2024-05-16 19:49:30','2024-05-16 19:49:30'),(8,'edit_menus','menus','2024-05-16 19:49:30','2024-05-16 19:49:30'),(9,'add_menus','menus','2024-05-16 19:49:30','2024-05-16 19:49:30'),(10,'delete_menus','menus','2024-05-16 19:49:30','2024-05-16 19:49:30'),(11,'browse_roles','roles','2024-05-16 19:49:30','2024-05-16 19:49:30'),(12,'read_roles','roles','2024-05-16 19:49:30','2024-05-16 19:49:30'),(13,'edit_roles','roles','2024-05-16 19:49:30','2024-05-16 19:49:30'),(14,'add_roles','roles','2024-05-16 19:49:30','2024-05-16 19:49:30'),(15,'delete_roles','roles','2024-05-16 19:49:30','2024-05-16 19:49:30'),(16,'browse_users','users','2024-05-16 19:49:30','2024-05-16 19:49:30'),(17,'read_users','users','2024-05-16 19:49:30','2024-05-16 19:49:30'),(18,'edit_users','users','2024-05-16 19:49:30','2024-05-16 19:49:30'),(19,'add_users','users','2024-05-16 19:49:30','2024-05-16 19:49:30'),(20,'delete_users','users','2024-05-16 19:49:30','2024-05-16 19:49:30'),(21,'browse_settings','settings','2024-05-16 19:49:30','2024-05-16 19:49:30'),(22,'read_settings','settings','2024-05-16 19:49:30','2024-05-16 19:49:30'),(23,'edit_settings','settings','2024-05-16 19:49:30','2024-05-16 19:49:30'),(24,'add_settings','settings','2024-05-16 19:49:30','2024-05-16 19:49:30'),(25,'delete_settings','settings','2024-05-16 19:49:30','2024-05-16 19:49:30'),(56,'browse_pages','pages','2024-05-23 21:54:40','2024-05-23 21:54:40'),(57,'read_pages','pages','2024-05-23 21:54:40','2024-05-23 21:54:40'),(58,'edit_pages','pages','2024-05-23 21:54:40','2024-05-23 21:54:40'),(59,'add_pages','pages','2024-05-23 21:54:40','2024-05-23 21:54:40'),(60,'delete_pages','pages','2024-05-23 21:54:40','2024-05-23 21:54:40'),(66,'browse_maps','maps','2024-07-01 11:39:14','2024-07-01 11:39:14'),(67,'read_maps','maps','2024-07-01 11:39:14','2024-07-01 11:39:14'),(68,'edit_maps','maps','2024-07-01 11:39:14','2024-07-01 11:39:14'),(69,'add_maps','maps','2024-07-01 11:39:14','2024-07-01 11:39:14'),(70,'delete_maps','maps','2024-07-01 11:39:14','2024-07-01 11:39:14'),(71,'browse_servers','servers','2024-07-01 12:47:39','2024-07-01 12:47:39'),(72,'read_servers','servers','2024-07-01 12:47:39','2024-07-01 12:47:39'),(73,'edit_servers','servers','2024-07-01 12:47:39','2024-07-01 12:47:39'),(74,'add_servers','servers','2024-07-01 12:47:39','2024-07-01 12:47:39'),(75,'delete_servers','servers','2024-07-01 12:47:39','2024-07-01 12:47:39'),(76,'browse_offer_servers','offer_servers','2024-07-01 18:53:34','2024-07-01 18:53:34'),(77,'read_offer_servers','offer_servers','2024-07-01 18:53:35','2024-07-01 18:53:35'),(78,'edit_offer_servers','offer_servers','2024-07-01 18:53:35','2024-07-01 18:53:35'),(79,'add_offer_servers','offer_servers','2024-07-01 18:53:35','2024-07-01 18:53:35'),(80,'delete_offer_servers','offer_servers','2024-07-01 18:53:35','2024-07-01 18:53:35'),(81,'browse_testimonials','testimonials','2024-07-01 20:05:38','2024-07-01 20:05:38'),(82,'read_testimonials','testimonials','2024-07-01 20:05:38','2024-07-01 20:05:38'),(83,'edit_testimonials','testimonials','2024-07-01 20:05:38','2024-07-01 20:05:38'),(84,'add_testimonials','testimonials','2024-07-01 20:05:38','2024-07-01 20:05:38'),(85,'delete_testimonials','testimonials','2024-07-01 20:05:38','2024-07-01 20:05:38'),(86,'browse_payments','payments','2024-07-03 16:17:14','2024-07-03 16:17:14'),(87,'read_payments','payments','2024-07-03 16:17:14','2024-07-03 16:17:14'),(88,'edit_payments','payments','2024-07-03 16:17:14','2024-07-03 16:17:14'),(89,'add_payments','payments','2024-07-03 16:17:14','2024-07-03 16:17:14'),(90,'delete_payments','payments','2024-07-03 16:17:14','2024-07-03 16:17:14'),(91,'browse_offers','offers','2024-07-04 22:03:00','2024-07-04 22:03:00'),(92,'read_offers','offers','2024-07-04 22:03:00','2024-07-04 22:03:00'),(93,'edit_offers','offers','2024-07-04 22:03:00','2024-07-04 22:03:00'),(94,'add_offers','offers','2024-07-04 22:03:00','2024-07-04 22:03:00'),(95,'delete_offers','offers','2024-07-04 22:03:00','2024-07-04 22:03:00'),(96,'browse_exchanges','exchanges','2024-07-05 16:42:35','2024-07-05 16:42:35'),(97,'read_exchanges','exchanges','2024-07-05 16:42:35','2024-07-05 16:42:35'),(98,'edit_exchanges','exchanges','2024-07-05 16:42:35','2024-07-05 16:42:35'),(99,'add_exchanges','exchanges','2024-07-05 16:42:35','2024-07-05 16:42:35'),(100,'delete_exchanges','exchanges','2024-07-05 16:42:35','2024-07-05 16:42:35'),(101,'browse_orders','orders','2024-07-16 17:32:11','2024-07-16 17:32:11'),(102,'read_orders','orders','2024-07-16 17:32:11','2024-07-16 17:32:11'),(103,'edit_orders','orders','2024-07-16 17:32:11','2024-07-16 17:32:11'),(104,'add_orders','orders','2024-07-16 17:32:11','2024-07-16 17:32:11'),(105,'delete_orders','orders','2024-07-16 17:32:11','2024-07-16 17:32:11'),(111,'browse_faqs','faqs','2024-07-20 18:33:34','2024-07-20 18:33:34'),(112,'read_faqs','faqs','2024-07-20 18:33:34','2024-07-20 18:33:34'),(113,'edit_faqs','faqs','2024-07-20 18:33:34','2024-07-20 18:33:34'),(114,'add_faqs','faqs','2024-07-20 18:33:34','2024-07-20 18:33:34'),(115,'delete_faqs','faqs','2024-07-20 18:33:34','2024-07-20 18:33:34'),(116,'browse_newsletters','newsletters','2024-07-22 15:15:16','2024-07-22 15:15:16'),(117,'read_newsletters','newsletters','2024-07-22 15:15:16','2024-07-22 15:15:16'),(118,'edit_newsletters','newsletters','2024-07-22 15:15:16','2024-07-22 15:15:16'),(119,'add_newsletters','newsletters','2024-07-22 15:15:16','2024-07-22 15:15:16'),(120,'delete_newsletters','newsletters','2024-07-22 15:15:16','2024-07-22 15:15:16');
/*!40000 ALTER TABLE `permissions` ENABLE KEYS */;
UNLOCK TABLES;

--
-- Table structure for table `personal_access_tokens`
--

DROP TABLE IF EXISTS `personal_access_tokens`;
/*!40101 SET @saved_cs_client     = @@character_set_client */;
/*!50503 SET character_set_client = utf8mb4 */;
CREATE TABLE `personal_access_tokens` (
  `id` bigint unsigned NOT NULL AUTO_INCREMENT,
  `tokenable_type` varchar(255) CHARACTER SET utf8mb4 COLLATE utf8mb4_unicode_ci NOT NULL,
  `tokenable_id` bigint unsigned NOT NULL,
  `name` varchar(255) CHARACTER SET utf8mb4 COLLATE utf8mb4_unicode_ci NOT NULL,
  `token` varchar(64) CHARACTER SET utf8mb4 COLLATE utf8mb4_unicode_ci NOT NULL,
  `abilities` text CHARACTER SET utf8mb4 COLLATE utf8mb4_unicode_ci,
  `last_used_at` timestamp NULL DEFAULT NULL,
  `expires_at` timestamp NULL DEFAULT NULL,
  `created_at` timestamp NULL DEFAULT NULL,
  `updated_at` timestamp NULL DEFAULT NULL,
  PRIMARY KEY (`id`),
  UNIQUE KEY `personal_access_tokens_token_unique` (`token`),
  KEY `personal_access_tokens_tokenable_type_tokenable_id_index` (`tokenable_type`,`tokenable_id`)
) ENGINE=InnoDB DEFAULT CHARSET=utf8mb4 COLLATE=utf8mb4_unicode_ci;
/*!40101 SET character_set_client = @saved_cs_client */;

--
-- Dumping data for table `personal_access_tokens`
--

LOCK TABLES `personal_access_tokens` WRITE;
/*!40000 ALTER TABLE `personal_access_tokens` DISABLE KEYS */;
/*!40000 ALTER TABLE `personal_access_tokens` ENABLE KEYS */;
UNLOCK TABLES;

--
-- Table structure for table `roles`
--

DROP TABLE IF EXISTS `roles`;
/*!40101 SET @saved_cs_client     = @@character_set_client */;
/*!50503 SET character_set_client = utf8mb4 */;
CREATE TABLE `roles` (
  `id` bigint unsigned NOT NULL AUTO_INCREMENT,
  `name` varchar(255) CHARACTER SET utf8mb4 COLLATE utf8mb4_unicode_ci NOT NULL,
  `display_name` varchar(255) CHARACTER SET utf8mb4 COLLATE utf8mb4_unicode_ci NOT NULL,
  `created_at` timestamp NULL DEFAULT NULL,
  `updated_at` timestamp NULL DEFAULT NULL,
  PRIMARY KEY (`id`),
  UNIQUE KEY `roles_name_unique` (`name`)
) ENGINE=InnoDB AUTO_INCREMENT=4 DEFAULT CHARSET=utf8mb4 COLLATE=utf8mb4_unicode_ci;
/*!40101 SET character_set_client = @saved_cs_client */;

--
-- Dumping data for table `roles`
--

LOCK TABLES `roles` WRITE;
/*!40000 ALTER TABLE `roles` DISABLE KEYS */;
INSERT INTO `roles` VALUES (1,'admin','Administrator','2024-05-16 19:49:30','2024-05-16 19:49:30'),(2,'user','Client','2024-05-16 19:49:30','2024-07-21 18:05:10'),(3,'Developer','Developer','2024-05-17 12:09:59','2024-05-17 12:09:59');
/*!40000 ALTER TABLE `roles` ENABLE KEYS */;
UNLOCK TABLES;

--
-- Table structure for table `servers`
--

DROP TABLE IF EXISTS `servers`;
/*!40101 SET @saved_cs_client     = @@character_set_client */;
/*!50503 SET character_set_client = utf8mb4 */;
CREATE TABLE `servers` (
  `id` bigint unsigned NOT NULL AUTO_INCREMENT,
  `name` varchar(255) CHARACTER SET utf8mb4 COLLATE utf8mb4_unicode_ci NOT NULL,
  `price` decimal(12,3) NOT NULL,
  `image` varchar(100) CHARACTER SET utf8mb4 COLLATE utf8mb4_unicode_ci NOT NULL DEFAULT 'default_server.png',
  `map_id` bigint unsigned DEFAULT NULL,
  `price_mad` decimal(12,2) NOT NULL DEFAULT '0.00',
  `price_usd` decimal(12,3) NOT NULL,
  `price_buy` decimal(12,3) NOT NULL DEFAULT '0.000',
  `min` int DEFAULT NULL,
  `max` int DEFAULT NULL,
  `active` tinyint NOT NULL DEFAULT '1',
  `created_at` timestamp NULL DEFAULT NULL,
  `updated_at` timestamp NULL DEFAULT NULL,
  PRIMARY KEY (`id`),
  KEY `servers_map_id_foreign` (`map_id`),
  CONSTRAINT `servers_map_id_foreign` FOREIGN KEY (`map_id`) REFERENCES `maps` (`id`)
) ENGINE=InnoDB AUTO_INCREMENT=13 DEFAULT CHARSET=utf8mb4 COLLATE=utf8mb4_unicode_ci;
/*!40101 SET character_set_client = @saved_cs_client */;

--
-- Dumping data for table `servers`
--

LOCK TABLES `servers` WRITE;
/*!40000 ALTER TABLE `servers` DISABLE KEYS */;
INSERT INTO `servers` VALUES (7,'Tiliwan',4.990,'servers/July2024/AXJq0xcwIasx7DGjblaO.webp',2,0.00,5.390,4.000,10,100,1,'2024-07-03 10:45:46','2024-07-03 10:45:46'),(8,'Herdegrize',4.950,'servers/July2024/N32U5o2OeMAtnp9Qb7cj.webp',2,0.00,5.350,3.900,11,111,0,'2024-07-03 10:46:35','2024-07-03 13:16:12'),(9,'Tiliwan-2',5.900,'servers/July2024/ICIKAsOjoeKaPMQNB4SZ.webp',1,0.00,6.350,5.000,12,120,1,'2024-07-03 10:47:31','2024-07-03 10:47:31'),(10,'Terre-cogita',5.000,'servers/July2024/mDLQEGrnaRzU2YhbIOD5.png',1,0.00,5.300,4.300,13,130,1,'2024-07-03 10:48:17','2024-07-03 10:48:17'),(11,'Talkasha',9.000,'servers/July2024/xf7aczdeXYvfKjgoIWG8.png',3,0.00,9.700,8.000,15,150,0,'2024-07-03 10:49:10','2024-07-03 13:15:50'),(12,'Tylezia',9.000,'servers/July2024/xDM1clfeMuE1HBq96dxo.png',3,0.00,10.000,8.000,16,160,1,'2024-07-03 10:49:47','2024-07-03 10:49:47');
/*!40000 ALTER TABLE `servers` ENABLE KEYS */;
UNLOCK TABLES;

--
-- Table structure for table `settings`
--

DROP TABLE IF EXISTS `settings`;
/*!40101 SET @saved_cs_client     = @@character_set_client */;
/*!50503 SET character_set_client = utf8mb4 */;
CREATE TABLE `settings` (
  `id` int unsigned NOT NULL AUTO_INCREMENT,
  `key` varchar(255) CHARACTER SET utf8mb4 COLLATE utf8mb4_unicode_ci NOT NULL,
  `display_name` varchar(255) CHARACTER SET utf8mb4 COLLATE utf8mb4_unicode_ci NOT NULL,
  `value` text CHARACTER SET utf8mb4 COLLATE utf8mb4_unicode_ci,
  `details` text CHARACTER SET utf8mb4 COLLATE utf8mb4_unicode_ci,
  `type` varchar(255) CHARACTER SET utf8mb4 COLLATE utf8mb4_unicode_ci NOT NULL,
  `order` int NOT NULL DEFAULT '1',
  `group` varchar(255) CHARACTER SET utf8mb4 COLLATE utf8mb4_unicode_ci DEFAULT NULL,
  PRIMARY KEY (`id`),
  UNIQUE KEY `settings_key_unique` (`key`)
) ENGINE=InnoDB AUTO_INCREMENT=62 DEFAULT CHARSET=utf8mb4 COLLATE=utf8mb4_unicode_ci;
/*!40101 SET character_set_client = @saved_cs_client */;

--
-- Dumping data for table `settings`
--

LOCK TABLES `settings` WRITE;
/*!40000 ALTER TABLE `settings` DISABLE KEYS */;
INSERT INTO `settings` VALUES (1,'site.title','Site Title','Site Title','','text',1,'Site'),(2,'site.description','Site Description','Site Description','','text',2,'Site'),(3,'site.logo','Site Logo','','','image',3,'Site'),(4,'site.google_analytics_tracking_id','Google Analytics Tracking ID',NULL,'','text',27,'Site'),(5,'admin.bg_image','Admin Background Image','settings/July2024/HF434Iac507uUGy82jQa.webp','','image',5,'Admin'),(6,'admin.title','Admin Title','DropKamas','','text',1,'Admin'),(7,'admin.description','Admin Description','Welcome to your dashboard','','text',2,'Admin'),(8,'admin.loader','Admin Loader','','','image',3,'Admin'),(9,'admin.icon_image','Admin Icon Image','settings/July2024/qAj5LrvZ12VszJbMKfmV.png','','image',4,'Admin'),(10,'admin.google_analytics_client_id','Google Analytics Client ID (used for admin dashboard)',NULL,'','text',1,'Admin'),(13,'methodes-de-payement.stripe','Stripe :','option1','{\n    \"default\" : \"option1\",\n    \"options\" : {\n        \"option1\": \"Disponible\",\n        \"option2\": \"Indisponible\"\n    }\n}','select_dropdown',7,'Methodes de payement'),(14,'methodes-de-payement.paypal','Paypal :','option1','{\n    \"default\" : \"option1\",\n    \"options\" : {\n        \"option1\": \"Disponible\",\n        \"option2\": \"Indisponible\"\n    }\n}','select_dropdown',8,'Methodes de payement'),(15,'methodes-de-payement.mastercard','Mastercard :','option1','{\n    \"default\" : \"option1\",\n    \"options\" : {\n        \"option1\": \"Disponible\",\n        \"option2\": \"Indisponible\"\n    }\n}','select_dropdown',9,'Methodes de payement'),(16,'methodes-de-payement.wise','Wise :','option1','{\r\n    \"default\" : \"option1\",\r\n    \"options\" : {\r\n        \"option1\": \"Disponible\",\r\n        \"option2\": \"Indisponible\"\r\n    }\r\n}','select_dropdown',10,'Methodes de payement'),(17,'methodes-de-payement.skrill','Skrill :','option1','{\r\n    \"default\" : \"option1\",\r\n    \"options\" : {\r\n        \"option1\": \"Disponible\",\r\n        \"option2\": \"Indisponible\"\r\n    }\r\n}','select_dropdown',11,'Methodes de payement'),(18,'methodes-de-payement.usdt','USDT :','option1','{\r\n    \"default\" : \"option1\",\r\n    \"options\" : {\r\n        \"option1\": \"Disponible\",\r\n        \"option2\": \"Indisponible\"\r\n    }\r\n}','select_dropdown',12,'Methodes de payement'),(19,'methodes-de-payement.visa','Visa :','option1','{\r\n    \"default\" : \"option1\",\r\n    \"options\" : {\r\n        \"option1\": \"Disponible\",\r\n        \"option2\": \"Indisponible\"\r\n    }\r\n}','select_dropdown',13,'Methodes de payement'),(20,'methodes-de-payement.lydia','Lydia :','option1','{\r\n    \"default\" : \"option1\",\r\n    \"options\" : {\r\n        \"option1\": \"Disponible\",\r\n        \"option2\": \"Indisponible\"\r\n    }\r\n}','select_dropdown',14,'Methodes de payement'),(21,'methodes-de-payement.revolut','Revolut :','option1','{\r\n    \"default\" : \"option1\",\r\n    \"options\" : {\r\n        \"option1\": \"Disponible\",\r\n        \"option2\": \"Indisponible\"\r\n    }\r\n}','select_dropdown',15,'Methodes de payement'),(22,'methodes-de-payement.bitcoin','Bitcoin :','option1','{\r\n    \"default\" : \"option1\",\r\n    \"options\" : {\r\n        \"option1\": \"Disponible\",\r\n        \"option2\": \"Indisponible\"\r\n    }\r\n}','select_dropdown',16,'Methodes de payement'),(23,'methodes-de-payement.giropay','Giropay :','option1','{\r\n    \"default\" : \"option1\",\r\n    \"options\" : {\r\n        \"option1\": \"Disponible\",\r\n        \"option2\": \"Indisponible\"\r\n    }\r\n}','select_dropdown',17,'Methodes de payement'),(24,'methodes-de-payement.ideal','Ideal :','option1','{\r\n    \"default\" : \"option1\",\r\n    \"options\" : {\r\n        \"option1\": \"Disponible\",\r\n        \"option2\": \"Indisponible\"\r\n    }\r\n}','select_dropdown',18,'Methodes de payement'),(25,'methodes-de-payement.bancontact','Bancontact :','option1','{\r\n    \"default\" : \"option1\",\r\n    \"options\" : {\r\n        \"option1\": \"Disponible\",\r\n        \"option2\": \"Indisponible\"\r\n    }\r\n}','select_dropdown',19,'Methodes de payement'),(26,'methodes-de-payement-infos.paypal-email','Paypal email :',NULL,'{\r\n    \"validation\": {\r\n        \"rule\": \"email\"\r\n    }\r\n}','text',20,'Methodes de payement infos'),(27,'methodes-de-payement-infos.usdt-address','USDT wallet :',NULL,NULL,'text',21,'Methodes de payement infos'),(28,'methodes-de-payement-infos.btc-address','BTC wallet :',NULL,NULL,'text',22,'Methodes de payement infos'),(29,'methodes-de-payement.virement-bancaire','Virement bancaire','option1','{     \"default\" : \"option1\",     \"options\" : {         \"option1\": \"Disponible\",         \"option2\": \"Indisponible\"     } }','select_dropdown',23,'Methodes de payement'),(30,'methodes-de-payement-infos.bank-name','Virement bancaire - nom du bank :',NULL,NULL,'text',24,'Methodes de payement infos'),(31,'methodes-de-payement-infos.bank-compte-name','Virement bancaire - nom du compte :',NULL,NULL,'text',25,'Methodes de payement infos'),(32,'methodes-de-payement-infos.bank-compte-number','Virement bancaire - numéro de compte :',NULL,NULL,'text',26,'Methodes de payement infos'),(33,'site.facebook','Facebook link :','https://facebook.com/',NULL,'text',28,'Site'),(34,'site.instagram','Instagram link :','https://www.instagram.com/',NULL,'text',29,'Site'),(35,'site.twitter','Twitter (x) link :','https://x.com/',NULL,'text',30,'Site'),(36,'site.discord','Discord link :','https://discord.com/',NULL,'text',50,'Site'),(37,'plus-de-reglages.bonus-echange','Bonus d\'echange % :','0','{\r\n    \"default\" : \"0\" }','text',31,'Plus de réglages'),(39,'plus-de-reglages.bonus-achat','Bonus d\'achat % :','0',NULL,'text',33,'Plus de réglages'),(40,'localisation-dans-le-jeu.echange-localisation-first','Localisation d\'échange - Rendez-vous à :','4/-22',NULL,'text',34,'Localisation dans le jeu'),(41,'localisation-dans-le-jeu.echange-localisation-second','Localisation d\'échange - Attendez le livreur à :','4/-22',NULL,'text',35,'Localisation dans le jeu'),(42,'localisation-dans-le-jeu.localisation-vendre','Localisation de vendre - Rendez-vous à :','4/-22',NULL,'text',36,'Localisation dans le jeu'),(43,'localisation-dans-le-jeu.localisation-achat','Localisation d\'achat - Rendez-vous à :','4/-22',NULL,'text',37,'Localisation dans le jeu'),(45,'titres-des-pages-seo.index','Index page :','Achetez, Vendez et Échangez des Kamas Dofus | DropKamas.com - La Plateforme Fiable de Kamas',NULL,'text',39,'Titres des pages (SEO)'),(46,'titres-des-pages-seo.vendre','Vendre page :','Vendez Vos Kamas Dofus Rapidement et Facilement | DropKamas.com',NULL,'text',40,'Titres des pages (SEO)'),(47,'titres-des-pages-seo.echange','Echange page :','Echangez vos kamas sur Dofus / Dofus Retro / Dofus Touch au meilleur Prix',NULL,'text',41,'Titres des pages (SEO)'),(48,'titres-des-pages-seo.achat','Achat page :','Acheter des Kamas Dofus en Toute Sécurité | Offres Exclusives sur DropKamas.com',NULL,'text',42,'Titres des pages (SEO)'),(49,'titres-des-pages-seo.payment','Payment page :','Paiement',NULL,'text',43,'Titres des pages (SEO)'),(52,'titres-des-pages-seo.order-details','Order details page :','Détails de la commande',NULL,'text',46,'Titres des pages (SEO)'),(53,'titres-des-pages-seo.cgu','CGU page :','Conditions générales',NULL,'text',47,'Titres des pages (SEO)'),(54,'titres-des-pages-seo.cgv','CGV page :','Conditions générales de vente',NULL,'text',48,'Titres des pages (SEO)'),(56,'site.header-image','Curseur d\'image d\'accueil :','',NULL,'image',4,'Site'),(57,'site.cgu','Les conditions générales d\'utilisation (CGU)','<div class=\"terms__conditions_container\">\r\n<div class=\"main_title\">\r\n<h1>CONDITIONS G&Eacute;N&Eacute;RAL D\'UTILISATION&nbsp;</h1>\r\n</div>\r\n<div class=\"sub_title\">\r\n<h5>&nbsp;</h5>\r\n<h5>Ce site est la propri&eacute;t&eacute; de la soci&eacute;t&eacute; ( PROKAMAS LTD ) - Enregistrer au 71-75, Shelton Street, Covent Garden, London, WC2H 9JQ, UNITED KINGDOM sous le numero 15759098, &agrave; respecter votre droit &agrave; la vie priv&eacute;e et de reconna&icirc;tre l&rsquo;importance de prot&eacute;ger les renseignements personnels ( tels que d&eacute;finis ci-dessous ) que vous avez fournis pour nous. Cette politique de confidentialit&eacute; d&eacute;crit la fa&ccedil;on dont la soci&eacute;t&eacute; per&ccedil;oit, les magasins, et utilise les informations personnelles que vous nous fournissez par le biais de la Soci&eacute;t&eacute; des sites Web et par t&eacute;l&eacute;phone ou e-mail que vous nous avez donn&eacute;. Cette politique de confidentialit&eacute; d&eacute;crit &eacute;galement les choix qui s&rsquo;offrent &agrave; vous au sujet de la Soci&eacute;t&eacute; de l&rsquo;utilisation des renseignements personnels vous nous fournir, et les actions que vous pouvez prendre pour acc&eacute;der &agrave; cette information et demande que la soci&eacute;t&eacute; de corriger ou supprimer.</h5>\r\n</div>\r\n<ul>\r\n<li>\r\n<div class=\"tc_title\">Object</div>\r\n<p>Les pr&eacute;sentes &laquo;&nbsp;conditions g&eacute;n&eacute;rales d&rsquo;utilisation&nbsp;&raquo; ont pour objet l&rsquo;encadrement juridique des modalit&eacute;s de mise &agrave; disposition des services du site&nbsp;<a href=\"https://dropkamas.com/\">DropKamas.com</a>&nbsp;et leur utilisation par &laquo;&nbsp;l&rsquo;Utilisateur&nbsp;&raquo;.&nbsp;Les conditions g&eacute;n&eacute;rales d&rsquo;utilisation doivent &ecirc;tre accept&eacute;es par tout Utilisateur souhaitant acc&eacute;der au site. Elles constituent le contrat entre le site et l&rsquo;Utilisateur. L&rsquo;acc&egrave;s au site par l&rsquo;Utilisateur signifie son acceptation des pr&eacute;sentes conditions g&eacute;n&eacute;rales d&rsquo;utilisation.&nbsp;&Eacute;ventuellement&nbsp;:</p>\r\n<h6>&bull; En cas de non-acceptation des conditions g&eacute;n&eacute;rales d&rsquo;utilisation stipul&eacute;es dans le pr&eacute;sent contrat, l&rsquo;Utilisateur se doit de renoncer &agrave; l&rsquo;acc&egrave;s des services propos&eacute;s par le site.</h6>\r\n<h6>&bull; <a href=\"https://dropkamas.com/\">DropKamas.com</a>&nbsp;se r&eacute;serve le droit de modifier unilat&eacute;ralement et &agrave; tout moment le contenu des pr&eacute;sentes conditions g&eacute;n&eacute;rales d&rsquo;utilisation.</h6>\r\n<p>&nbsp;</p>\r\n</li>\r\n<li>\r\n<div class=\"tc_title\">D&eacute;finition</div>\r\n<p>La pr&eacute;sente clause a pour objet de d&eacute;finir les diff&eacute;rents termes essentiels du contrat&nbsp;:</p>\r\n<h6>&bull; Utilisateur&nbsp;: ce terme d&eacute;signe toute personne qui utilise le site ou l&rsquo;un des services propos&eacute;s par le site.</h6>\r\n<h6>&bull; Contenu : ce sont les donn&eacute;es transmises par l&rsquo;Utilisateur ou du Membre au sein du site. Ainsi que les donn&eacute;es relatifs &agrave; son compte.</h6>\r\n<h6>&bull; Membre&nbsp;: l&rsquo;Utilisateur devient membre lorsqu&rsquo;il est identifi&eacute; sur le site.</h6>\r\n<h6>&bull; Identifiant et mot de passe&nbsp;: c&rsquo;est l&rsquo;ensemble des informations n&eacute;cessaires &agrave; l&rsquo;identification d&rsquo;un Utilisateur sur le site. L&rsquo;identifiant et le mot de passe permettent &agrave; l&rsquo;Utilisateur d&rsquo;acc&eacute;der &agrave; des services r&eacute;serv&eacute;s aux membres du site. Le mot de passe est confidentiel.</h6>\r\n<p>&nbsp;</p>\r\n</li>\r\n<li>\r\n<div class=\"tc_title\">ACCES AUX SERVICES</div>\r\n<p>Le site est accessible gratuitement en tout lieu &agrave; tout Utilisateur ayant un acc&egrave;s &agrave; Internet. Tous les frais support&eacute;s par l&rsquo;Utilisateur pour acc&eacute;der au service (mat&eacute;riel informatique, logiciels, connexion Internet, etc.) sont &agrave; sa charge. Selon le cas : L&rsquo;Utilisateur non membre n&rsquo;a pas acc&egrave;s aux services r&eacute;serv&eacute;s aux membres. Pour cela, il doit s&rsquo;identifier &agrave; l&rsquo;aide de son identifiant et de son mot de passe. A compter du moment ou l&rsquo;utilisateur rempli son formulaire d&rsquo;inscription, toute utilisation de VPN / PROXY / TOR est strictement interdite et cela est valable &agrave; chaque fois qu&rsquo;il d&eacute;cide de se connecter en tant que Membre. En cas de non respect, le compte sera banni sans pr&eacute;avis . Tout &eacute;v&eacute;nement d&ucirc; &agrave; un cas de force majeure ayant pour cons&eacute;quence un dysfonctionnement du r&eacute;seau ou du serveur n&rsquo;engage pas la responsabilit&eacute; de&nbsp;<a href=\"https://dropkamas.com/\">DropKamas.com</a> .&nbsp;L&rsquo;acc&egrave;s aux services du site peut &agrave; tout moment faire l&rsquo;objet d&rsquo;une interruption, d&rsquo;une suspension, d&rsquo;une modification sans pr&eacute;avis pour une maintenance ou pour tout autre cas. L&rsquo;Utilisateur s&rsquo;oblige &agrave; ne r&eacute;clamer aucune indemnisation suite &agrave; l&rsquo;interruption, &agrave; la suspension ou &agrave; la modification du pr&eacute;sent contrat. L&rsquo;Utilisateur a la possibilit&eacute; de contacter le site par Mail support@dropkamas.com ou via le Chat en direct que nous mettons &agrave; sa disposition.</p>\r\n</li>\r\n<li>\r\n<div class=\"tc_title\">DROIT D&rsquo;AUTEUR.</div>\r\n<p>Les marques, logos, signes et tout autre contenu du site font l&rsquo;objet d&rsquo;une protection par le droit d&rsquo;auteur.&nbsp;L&rsquo;Utilisateur sollicite l&rsquo;autorisation pr&eacute;alable du site pour toute reproduction, publication, copie des diff&eacute;rents contenus.&nbsp; L&rsquo;Utilisateur s&rsquo;engage &agrave; une utilisation des contenus du site dans un cadre strictement priv&eacute;. Une utilisation des contenus &agrave; des fins commerciales est strictement interdite.&nbsp;Tout contenu mis en ligne par l&rsquo;Utilisateur est de sa seule responsabilit&eacute;. L&rsquo;Utilisateur s&rsquo;engage &agrave; ne pas mettre en ligne de contenus pouvant porter atteinte aux int&eacute;r&ecirc;ts de tierces personnes. Tout recours en justice engag&eacute; par un tiers l&eacute;s&eacute; contre le site sera pris en charge par l&rsquo;Utilisateur.&nbsp;Le contenu de l&rsquo;Utilisateur peut &ecirc;tre &agrave; tout moment et pour n&rsquo;importe quelle raison supprim&eacute; ou modifi&eacute; par le site. Le site <a href=\"https://dropkamas.com/\">DropKamas.com</a> n&rsquo;est pas tenu de fournir une justification ou notification pr&eacute;alablement &agrave; la suppression ou &agrave; la modification du contenu Utilisateur.</p>\r\n</li>\r\n<li>\r\n<div class=\"tc_title\">DONN&Eacute;ES PERSONNELS</div>\r\n<p>Les informations demand&eacute;es &agrave; l&rsquo;inscription au site sont n&eacute;cessaires et obligatoires pour la cr&eacute;ation du compte de l&rsquo;Utilisateur. En particulier, l&rsquo;adresse &eacute;lectronique pourra &ecirc;tre utilis&eacute;e par le site pour l&rsquo;administration, la gestion et l&rsquo;animation du service.&nbsp; Le site assure &agrave; l&rsquo;Utilisateur une collecte et un traitement d&rsquo;informations personnelles dans le respect de la vie priv&eacute;e. Il ne partagera aucune information concernant ses utilisateurs &agrave; un tiers. Le site s&rsquo;engage &agrave; ne pas vendre ou transmettre des informations sur les membres &agrave; des fins publicitaires &agrave; titre d&rsquo;exemple. Vos informations personnelles sont prot&eacute;g&eacute;es et restent confidentielles, nous utilisons votre Nom du personnage en jeu, Email ou t&eacute;l&eacute;phone pour vous livrer vos commandes ou vous contacter concernant ces derni&egrave;res ou pour vous informer de nos offres de r&eacute;duction et nouveaux services. Il se peut que vous soyez amen&eacute;s &agrave; fournir des documents personnels pour confirmer votre identit&eacute; et vos informations de paiement, ces documents seront uniquement communiqu&eacute;s &agrave; votre soci&eacute;t&eacute; de paiement dans le cas o&ugrave; nous rencontrons un probl&egrave;me avec l\'un de vos paiement, nous nous r&eacute;servons le droit d\'exiger n\'importe quel document pour prouver votre identit&eacute; et vos informations de paiement, le client a le droit d&rsquo;accepter ou de refuser de partager ses informations personnelles, si une commande a &eacute;t&eacute; faite et que le client refuse de partager ses informations, la commande sera totalement rembours&eacute;e et la commande ne sera donc pas livr&eacute;e. Dans le cas o&ugrave; nous rencontrons des probl&egrave;mes avec vos paiements, nous nous r&eacute;servons le droit de partager vos informations et documents personnels avec la soci&eacute;t&eacute; de paiement que vous avez utilis&eacute; pour effectuer le paiement en question afin de prouver la cr&eacute;dibilit&eacute; de nos transactions et trouver issue au probl&egrave;me de paiement rencontr&eacute; avec votre paiement. DropKamas ne tol&eacute;rera aucune tentative ill&eacute;gale d&rsquo;acc&egrave;s aux informations de ses clients, commandes, ou n&rsquo;importe quel autre type d&rsquo;informations priv&eacute;es, ces tentatives seront d&eacute;tect&eacute;es et intercept&eacute; et leurs propri&eacute;taires seront poursuivis en justice. Les produits et services offerts sur notre site ne sont pas destin&eacute;s aux enfants moins de 13 ans, on refuse d&rsquo;acheter ou de vendre aux mineurs de moins de 13 ans.</p>\r\n</li>\r\n<li>\r\n<div class=\"tc_title\">RESPONSABILIT&Eacute; ET FORCE MAJEUR</div>\r\n<p>L&rsquo;Utilisateur s&rsquo;assure de garder son mot de passe secret. Toute divulgation du mot de passe, quelle que soit sa forme, est interdite.&nbsp;L&rsquo;Utilisateur assume les risques li&eacute;s &agrave; l&rsquo;utilisation de son identifiant et mot de passe. Le site d&eacute;cline toute responsabilit&eacute;.&nbsp;Tout usage du service par l&rsquo;Utilisateur ayant directement ou indirectement pour cons&eacute;quence des dommages doit faire l&rsquo;objet d&rsquo;une indemnisation au profit du site. &nbsp;Une garantie optimale de la s&eacute;curit&eacute; et de la confidentialit&eacute; des donn&eacute;es transmises n&rsquo;est pas assur&eacute;e par le site. Toutefois, le site s&rsquo;engage &agrave; mettre en &oelig;uvre tous les moyens n&eacute;cessaires afin de garantir au mieux la s&eacute;curit&eacute;, l&rsquo;anonymat et la confidentialit&eacute; des donn&eacute;es.&nbsp;La responsabilit&eacute; du site ne peut &ecirc;tre engag&eacute;e en cas de force majeure ou du fait impr&eacute;visible et insurmontable d&rsquo;un tiers.</p>\r\n</li>\r\n<li>\r\n<div class=\"tc_title\">EVOLUTION DU CONTRAT</div>\r\n<p>Le site se r&eacute;serve &agrave; tout moment le droit de modifier les clauses stipul&eacute;es dans le pr&eacute;sent contrat.</p>\r\n</li>\r\n<li>\r\n<div class=\"tc_title\">DUR&Eacute;E</div>\r\n<p>La dur&eacute;e du pr&eacute;sent contrat est ind&eacute;termin&eacute;e. Le contrat produit ses effets &agrave; l&rsquo;&eacute;gard de l&rsquo;Utilisateur &agrave; compter de l&rsquo;utilisation du service</p>\r\n</li>\r\n<li>\r\n<div class=\"tc_title\">RESTREINTE UTILISATEURS</div>\r\n<p>Aucune personne (employ&eacute;, agent ou d&rsquo;une entit&eacute; affili&eacute;e au moyen de tout &eacute;diteur ou d&eacute;veloppeur de jeu) est autoris&eacute; &agrave; utiliser ou &agrave; acc&eacute;der &agrave; ce site ou &agrave; utiliser les services fournis aux pr&eacute;sentes.</p>\r\n</li>\r\n<li>\r\n<div class=\"tc_title\">PLAINTES DE COPYRIGHT</div>\r\n<p>DropKamas respecte la propri&eacute;t&eacute; intellectuelle d&rsquo;autrui. Si vous pensez que votre travail a &eacute;t&eacute; copi&eacute; d&rsquo;une mani&egrave;re qui constitue une violation du droit d&rsquo;auteur, s&rsquo;il vous pla&icirc;t contactez-nous plainte@dropkamas.com &agrave; propos des all&eacute;gations de violation de copyright.</p>\r\n</li>\r\n<li>\r\n<div class=\"tc_title\">Cookies</div>\r\n<p>La Soci&eacute;t&eacute; utilise &agrave; la fois des cookies d\'identification de session et des cookies persistants dans le cadre de son interaction avec votre navigateur. Un cookie est un identifiant alphanum&eacute;rique (un fichier) que les sites Web de la soci&eacute;t&eacute; transf&egrave;rent sur le disque dur de votre ordinateur via un navigateur Web pour permettre &agrave; ses syst&egrave;mes de reconna&icirc;tre votre navigateur &agrave; des fins de tenue de registres. Un cookie d\'identification de session expire lorsque vous fermez votre navigateur, tandis qu\'un cookie persistant reste sur votre disque dur pendant une p&eacute;riode prolong&eacute;e. Nous utilisons des cookies d\'identification de session pour vous faciliter la navigation sur nos sites Web. Nous utilisons des cookies persistants pour identifier et suivre les sections de son site Web que vous visitez le plus souvent. Nous utilisons &eacute;galement des cookies persistants dans les zones de son site Web que vous devez vous inscrire et vous pouvez personnaliser les informations que vous voyez, de sorte que vous n\'ayez pas &agrave; entrer vos pr&eacute;f&eacute;rences plus d\'une fois. En configurant les options de votre navigateur, vous pouvez contr&ocirc;ler la mani&egrave;re dont les cookies sont trait&eacute;s par votre syst&egrave;me. Cependant, si vous refusez l\'utilisation de cookies, vous ne pourrez peut-&ecirc;tre pas utiliser certaines fonctionnalit&eacute;s de ce site et vous devrez peut-&ecirc;tre saisir &agrave; nouveau les informations n&eacute;cessaires pour terminer une commande lors de sessions de navigation nouvelles ou interrompues. Certains partenaires commerciaux de la Soci&eacute;t&eacute; (par exemple, les annonceurs) utilisent des cookies sur le site. Nous n\'avons aucun acc&egrave;s ou contr&ocirc;le sur ces cookies (voir &laquo;Publicit&eacute; de tiers&raquo; et &laquo;Cookies de tiers&raquo; ci-dessous). En cons&eacute;quence, cette politique de confidentialit&eacute; couvre uniquement l\'utilisation des cookies par la soci&eacute;t&eacute; et ne couvre pas l\'utilisation de cookies par les annonceurs.</p>\r\n</li>\r\n<li>\r\n<div class=\"tc_title\">Inscription</div>\r\n<p>Lorsque vous vous inscrivez avec nous sur ce site, vous remplissez d\'abord le formulaire d\'inscription en ligne, qui vous oblige &agrave; cr&eacute;er un nom d\'utilisateur et un mot de passe. Lors de l\'inscription, vous devez &eacute;galement fournir des donn&eacute;es personnelles, qui peuvent inclure le nom, l\'adresse de facturation, l\'adresse de livraison, le num&eacute;ro de t&eacute;l&eacute;phone et l\'adresse e-mail. Nous utilisons ces donn&eacute;es personnelles afin de pouvoir vous contacter au sujet des services et produits sur le (s) site (s) pour lesquels vous avez exprim&eacute; votre int&eacute;r&ecirc;t ou demand&eacute; et pour faciliter la r&eacute;alisation d\'une commande.</p>\r\n</li>\r\n<li>\r\n<div class=\"tc_title\">S&Eacute;CURIT&Eacute;&nbsp;DES TRANSACTIONS</div>\r\n<p>Notre site web BOOKAMAS est &eacute;quip&eacute; des derni&egrave;res technologies en terme de s&eacute;curit&eacute; de donn&eacute;e. Vos informations personnelles et vos informations de paiement sont crypt&eacute;s grace au syst&egrave;mes de cryptage et protocoles de s&eacute;curit&eacute; HTTPS.</p>\r\n</li>\r\n</ul>\r\n</div>',NULL,'rich_text_box',52,'Site'),(58,'site.cgv','Les conditions générales de vente (CGV)','<div class=\"terms__conditions_container\">\r\n<div class=\"main_title\">\r\n<h1>CONDITIONS G&Eacute;N&Eacute;RAL DE VENTE&nbsp;</h1>\r\n</div>\r\n<div class=\"sub_title\">\r\n<h5>&nbsp;</h5>\r\n<h5>Ce site est la propri&eacute;t&eacute; de la soci&eacute;t&eacute; ( PROKAMAS LTD ) - Enregistrer au 71-75, Shelton Street, Covent Garden, London, WC2H 9JQ, UNITED KINGDOM sous le numero 15759098, &agrave; respecter votre droit &agrave; la vie priv&eacute;e et de reconna&icirc;tre l&rsquo;importance de prot&eacute;ger les renseignements personnels ( tels que d&eacute;finis ci-dessous ) que vous avez fournis pour nous. Cette politique de confidentialit&eacute; d&eacute;crit la fa&ccedil;on dont la soci&eacute;t&eacute; per&ccedil;oit, les magasins, et utilise les informations personnelles que vous nous fournissez par le biais de la Soci&eacute;t&eacute; des sites Web et par t&eacute;l&eacute;phone ou e-mail que vous nous avez donn&eacute;. Cette politique de confidentialit&eacute; d&eacute;crit &eacute;galement les choix qui s&rsquo;offrent &agrave; vous au sujet de la Soci&eacute;t&eacute; de l&rsquo;utilisation des renseignements personnels vous nous fournir, et les actions que vous pouvez prendre pour acc&eacute;der &agrave; cette information et demande que la soci&eacute;t&eacute; de corriger ou supprimer.</h5>\r\n</div>\r\n<ul>\r\n<li>\r\n<div class=\"tc_title\">Object</div>\r\n<p>Les pr&eacute;sentes &laquo;&nbsp;conditions g&eacute;n&eacute;rales d&rsquo;utilisation&nbsp;&raquo; ont pour objet l&rsquo;encadrement juridique des modalit&eacute;s de mise &agrave; disposition des services du site&nbsp;<a href=\"https://dropkamas.com/\">DropKamas.com</a>&nbsp;et leur utilisation par &laquo;&nbsp;l&rsquo;Utilisateur&nbsp;&raquo;.&nbsp;Les conditions g&eacute;n&eacute;rales d&rsquo;utilisation doivent &ecirc;tre accept&eacute;es par tout Utilisateur souhaitant acc&eacute;der au site. Elles constituent le contrat entre le site et l&rsquo;Utilisateur. L&rsquo;acc&egrave;s au site par l&rsquo;Utilisateur signifie son acceptation des pr&eacute;sentes conditions g&eacute;n&eacute;rales d&rsquo;utilisation.&nbsp;&Eacute;ventuellement&nbsp;:</p>\r\n<h6>&bull; En cas de non-acceptation des conditions g&eacute;n&eacute;rales d&rsquo;utilisation stipul&eacute;es dans le pr&eacute;sent contrat, l&rsquo;Utilisateur se doit de renoncer &agrave; l&rsquo;acc&egrave;s des services propos&eacute;s par le site.</h6>\r\n<h6>&bull; <a href=\"https://dropkamas.com/\">DropKamas.com</a>&nbsp;se r&eacute;serve le droit de modifier unilat&eacute;ralement et &agrave; tout moment le contenu des pr&eacute;sentes conditions g&eacute;n&eacute;rales d&rsquo;utilisation.</h6>\r\n<p>&nbsp;</p>\r\n</li>\r\n<li>\r\n<div class=\"tc_title\">D&eacute;finition</div>\r\n<p>La pr&eacute;sente clause a pour objet de d&eacute;finir les diff&eacute;rents termes essentiels du contrat&nbsp;:</p>\r\n<h6>&bull; Utilisateur&nbsp;: ce terme d&eacute;signe toute personne qui utilise le site ou l&rsquo;un des services propos&eacute;s par le site.</h6>\r\n<h6>&bull; Contenu : ce sont les donn&eacute;es transmises par l&rsquo;Utilisateur ou du Membre au sein du site. Ainsi que les donn&eacute;es relatifs &agrave; son compte.</h6>\r\n<h6>&bull; Membre&nbsp;: l&rsquo;Utilisateur devient membre lorsqu&rsquo;il est identifi&eacute; sur le site.</h6>\r\n<h6>&bull; Identifiant et mot de passe&nbsp;: c&rsquo;est l&rsquo;ensemble des informations n&eacute;cessaires &agrave; l&rsquo;identification d&rsquo;un Utilisateur sur le site. L&rsquo;identifiant et le mot de passe permettent &agrave; l&rsquo;Utilisateur d&rsquo;acc&eacute;der &agrave; des services r&eacute;serv&eacute;s aux membres du site. Le mot de passe est confidentiel.</h6>\r\n<p>&nbsp;</p>\r\n</li>\r\n<li>\r\n<div class=\"tc_title\">ACCES AUX SERVICES</div>\r\n<p>Le site est accessible gratuitement en tout lieu &agrave; tout Utilisateur ayant un acc&egrave;s &agrave; Internet. Tous les frais support&eacute;s par l&rsquo;Utilisateur pour acc&eacute;der au service (mat&eacute;riel informatique, logiciels, connexion Internet, etc.) sont &agrave; sa charge. Selon le cas : L&rsquo;Utilisateur non membre n&rsquo;a pas acc&egrave;s aux services r&eacute;serv&eacute;s aux membres. Pour cela, il doit s&rsquo;identifier &agrave; l&rsquo;aide de son identifiant et de son mot de passe. A compter du moment ou l&rsquo;utilisateur rempli son formulaire d&rsquo;inscription, toute utilisation de VPN / PROXY / TOR est strictement interdite et cela est valable &agrave; chaque fois qu&rsquo;il d&eacute;cide de se connecter en tant que Membre. En cas de non respect, le compte sera banni sans pr&eacute;avis . Tout &eacute;v&eacute;nement d&ucirc; &agrave; un cas de force majeure ayant pour cons&eacute;quence un dysfonctionnement du r&eacute;seau ou du serveur n&rsquo;engage pas la responsabilit&eacute; de&nbsp;<a href=\"https://dropkamas.com/\">DropKamas.com</a> .&nbsp;L&rsquo;acc&egrave;s aux services du site peut &agrave; tout moment faire l&rsquo;objet d&rsquo;une interruption, d&rsquo;une suspension, d&rsquo;une modification sans pr&eacute;avis pour une maintenance ou pour tout autre cas. L&rsquo;Utilisateur s&rsquo;oblige &agrave; ne r&eacute;clamer aucune indemnisation suite &agrave; l&rsquo;interruption, &agrave; la suspension ou &agrave; la modification du pr&eacute;sent contrat. L&rsquo;Utilisateur a la possibilit&eacute; de contacter le site par Mail support@dropkamas.com ou via le Chat en direct que nous mettons &agrave; sa disposition.</p>\r\n</li>\r\n<li>\r\n<div class=\"tc_title\">DROIT D&rsquo;AUTEUR.</div>\r\n<p>Les marques, logos, signes et tout autre contenu du site font l&rsquo;objet d&rsquo;une protection par le droit d&rsquo;auteur.&nbsp;L&rsquo;Utilisateur sollicite l&rsquo;autorisation pr&eacute;alable du site pour toute reproduction, publication, copie des diff&eacute;rents contenus.&nbsp; L&rsquo;Utilisateur s&rsquo;engage &agrave; une utilisation des contenus du site dans un cadre strictement priv&eacute;. Une utilisation des contenus &agrave; des fins commerciales est strictement interdite.&nbsp;Tout contenu mis en ligne par l&rsquo;Utilisateur est de sa seule responsabilit&eacute;. L&rsquo;Utilisateur s&rsquo;engage &agrave; ne pas mettre en ligne de contenus pouvant porter atteinte aux int&eacute;r&ecirc;ts de tierces personnes. Tout recours en justice engag&eacute; par un tiers l&eacute;s&eacute; contre le site sera pris en charge par l&rsquo;Utilisateur.&nbsp;Le contenu de l&rsquo;Utilisateur peut &ecirc;tre &agrave; tout moment et pour n&rsquo;importe quelle raison supprim&eacute; ou modifi&eacute; par le site. Le site <a href=\"https://dropkamas.com/\">DropKamas.com</a> n&rsquo;est pas tenu de fournir une justification ou notification pr&eacute;alablement &agrave; la suppression ou &agrave; la modification du contenu Utilisateur.</p>\r\n</li>\r\n<li>\r\n<div class=\"tc_title\">DONN&Eacute;ES PERSONNELS</div>\r\n<p>Les informations demand&eacute;es &agrave; l&rsquo;inscription au site sont n&eacute;cessaires et obligatoires pour la cr&eacute;ation du compte de l&rsquo;Utilisateur. En particulier, l&rsquo;adresse &eacute;lectronique pourra &ecirc;tre utilis&eacute;e par le site pour l&rsquo;administration, la gestion et l&rsquo;animation du service.&nbsp; Le site assure &agrave; l&rsquo;Utilisateur une collecte et un traitement d&rsquo;informations personnelles dans le respect de la vie priv&eacute;e. Il ne partagera aucune information concernant ses utilisateurs &agrave; un tiers. Le site s&rsquo;engage &agrave; ne pas vendre ou transmettre des informations sur les membres &agrave; des fins publicitaires &agrave; titre d&rsquo;exemple. Vos informations personnelles sont prot&eacute;g&eacute;es et restent confidentielles, nous utilisons votre Nom du personnage en jeu, Email ou t&eacute;l&eacute;phone pour vous livrer vos commandes ou vous contacter concernant ces derni&egrave;res ou pour vous informer de nos offres de r&eacute;duction et nouveaux services. Il se peut que vous soyez amen&eacute;s &agrave; fournir des documents personnels pour confirmer votre identit&eacute; et vos informations de paiement, ces documents seront uniquement communiqu&eacute;s &agrave; votre soci&eacute;t&eacute; de paiement dans le cas o&ugrave; nous rencontrons un probl&egrave;me avec l\'un de vos paiement, nous nous r&eacute;servons le droit d\'exiger n\'importe quel document pour prouver votre identit&eacute; et vos informations de paiement, le client a le droit d&rsquo;accepter ou de refuser de partager ses informations personnelles, si une commande a &eacute;t&eacute; faite et que le client refuse de partager ses informations, la commande sera totalement rembours&eacute;e et la commande ne sera donc pas livr&eacute;e. Dans le cas o&ugrave; nous rencontrons des probl&egrave;mes avec vos paiements, nous nous r&eacute;servons le droit de partager vos informations et documents personnels avec la soci&eacute;t&eacute; de paiement que vous avez utilis&eacute; pour effectuer le paiement en question afin de prouver la cr&eacute;dibilit&eacute; de nos transactions et trouver issue au probl&egrave;me de paiement rencontr&eacute; avec votre paiement. DropKamas ne tol&eacute;rera aucune tentative ill&eacute;gale d&rsquo;acc&egrave;s aux informations de ses clients, commandes, ou n&rsquo;importe quel autre type d&rsquo;informations priv&eacute;es, ces tentatives seront d&eacute;tect&eacute;es et intercept&eacute; et leurs propri&eacute;taires seront poursuivis en justice. Les produits et services offerts sur notre site ne sont pas destin&eacute;s aux enfants moins de 13 ans, on refuse d&rsquo;acheter ou de vendre aux mineurs de moins de 13 ans.</p>\r\n</li>\r\n<li>\r\n<div class=\"tc_title\">RESPONSABILIT&Eacute; ET FORCE MAJEUR</div>\r\n<p>L&rsquo;Utilisateur s&rsquo;assure de garder son mot de passe secret. Toute divulgation du mot de passe, quelle que soit sa forme, est interdite.&nbsp;L&rsquo;Utilisateur assume les risques li&eacute;s &agrave; l&rsquo;utilisation de son identifiant et mot de passe. Le site d&eacute;cline toute responsabilit&eacute;.&nbsp;Tout usage du service par l&rsquo;Utilisateur ayant directement ou indirectement pour cons&eacute;quence des dommages doit faire l&rsquo;objet d&rsquo;une indemnisation au profit du site. &nbsp;Une garantie optimale de la s&eacute;curit&eacute; et de la confidentialit&eacute; des donn&eacute;es transmises n&rsquo;est pas assur&eacute;e par le site. Toutefois, le site s&rsquo;engage &agrave; mettre en &oelig;uvre tous les moyens n&eacute;cessaires afin de garantir au mieux la s&eacute;curit&eacute;, l&rsquo;anonymat et la confidentialit&eacute; des donn&eacute;es.&nbsp;La responsabilit&eacute; du site ne peut &ecirc;tre engag&eacute;e en cas de force majeure ou du fait impr&eacute;visible et insurmontable d&rsquo;un tiers.</p>\r\n</li>\r\n<li>\r\n<div class=\"tc_title\">EVOLUTION DU CONTRAT</div>\r\n<p>Le site se r&eacute;serve &agrave; tout moment le droit de modifier les clauses stipul&eacute;es dans le pr&eacute;sent contrat.</p>\r\n</li>\r\n<li>\r\n<div class=\"tc_title\">DUR&Eacute;E</div>\r\n<p>La dur&eacute;e du pr&eacute;sent contrat est ind&eacute;termin&eacute;e. Le contrat produit ses effets &agrave; l&rsquo;&eacute;gard de l&rsquo;Utilisateur &agrave; compter de l&rsquo;utilisation du service</p>\r\n</li>\r\n<li>\r\n<div class=\"tc_title\">RESTREINTE UTILISATEURS</div>\r\n<p>Aucune personne (employ&eacute;, agent ou d&rsquo;une entit&eacute; affili&eacute;e au moyen de tout &eacute;diteur ou d&eacute;veloppeur de jeu) est autoris&eacute; &agrave; utiliser ou &agrave; acc&eacute;der &agrave; ce site ou &agrave; utiliser les services fournis aux pr&eacute;sentes.</p>\r\n</li>\r\n<li>\r\n<div class=\"tc_title\">PLAINTES DE COPYRIGHT</div>\r\n<p>DropKamas respecte la propri&eacute;t&eacute; intellectuelle d&rsquo;autrui. Si vous pensez que votre travail a &eacute;t&eacute; copi&eacute; d&rsquo;une mani&egrave;re qui constitue une violation du droit d&rsquo;auteur, s&rsquo;il vous pla&icirc;t contactez-nous plainte@dropkamas.com &agrave; propos des all&eacute;gations de violation de copyright.</p>\r\n</li>\r\n<li>\r\n<div class=\"tc_title\">Cookies</div>\r\n<p>La Soci&eacute;t&eacute; utilise &agrave; la fois des cookies d\'identification de session et des cookies persistants dans le cadre de son interaction avec votre navigateur. Un cookie est un identifiant alphanum&eacute;rique (un fichier) que les sites Web de la soci&eacute;t&eacute; transf&egrave;rent sur le disque dur de votre ordinateur via un navigateur Web pour permettre &agrave; ses syst&egrave;mes de reconna&icirc;tre votre navigateur &agrave; des fins de tenue de registres. Un cookie d\'identification de session expire lorsque vous fermez votre navigateur, tandis qu\'un cookie persistant reste sur votre disque dur pendant une p&eacute;riode prolong&eacute;e. Nous utilisons des cookies d\'identification de session pour vous faciliter la navigation sur nos sites Web. Nous utilisons des cookies persistants pour identifier et suivre les sections de son site Web que vous visitez le plus souvent. Nous utilisons &eacute;galement des cookies persistants dans les zones de son site Web que vous devez vous inscrire et vous pouvez personnaliser les informations que vous voyez, de sorte que vous n\'ayez pas &agrave; entrer vos pr&eacute;f&eacute;rences plus d\'une fois. En configurant les options de votre navigateur, vous pouvez contr&ocirc;ler la mani&egrave;re dont les cookies sont trait&eacute;s par votre syst&egrave;me. Cependant, si vous refusez l\'utilisation de cookies, vous ne pourrez peut-&ecirc;tre pas utiliser certaines fonctionnalit&eacute;s de ce site et vous devrez peut-&ecirc;tre saisir &agrave; nouveau les informations n&eacute;cessaires pour terminer une commande lors de sessions de navigation nouvelles ou interrompues. Certains partenaires commerciaux de la Soci&eacute;t&eacute; (par exemple, les annonceurs) utilisent des cookies sur le site. Nous n\'avons aucun acc&egrave;s ou contr&ocirc;le sur ces cookies (voir &laquo;Publicit&eacute; de tiers&raquo; et &laquo;Cookies de tiers&raquo; ci-dessous). En cons&eacute;quence, cette politique de confidentialit&eacute; couvre uniquement l\'utilisation des cookies par la soci&eacute;t&eacute; et ne couvre pas l\'utilisation de cookies par les annonceurs.</p>\r\n</li>\r\n<li>\r\n<div class=\"tc_title\">Inscription</div>\r\n<p>Lorsque vous vous inscrivez avec nous sur ce site, vous remplissez d\'abord le formulaire d\'inscription en ligne, qui vous oblige &agrave; cr&eacute;er un nom d\'utilisateur et un mot de passe. Lors de l\'inscription, vous devez &eacute;galement fournir des donn&eacute;es personnelles, qui peuvent inclure le nom, l\'adresse de facturation, l\'adresse de livraison, le num&eacute;ro de t&eacute;l&eacute;phone et l\'adresse e-mail. Nous utilisons ces donn&eacute;es personnelles afin de pouvoir vous contacter au sujet des services et produits sur le (s) site (s) pour lesquels vous avez exprim&eacute; votre int&eacute;r&ecirc;t ou demand&eacute; et pour faciliter la r&eacute;alisation d\'une commande.</p>\r\n</li>\r\n<li>\r\n<div class=\"tc_title\">S&Eacute;CURIT&Eacute;&nbsp;DES TRANSACTIONS</div>\r\n<p>Notre site web BOOKAMAS est &eacute;quip&eacute; des derni&egrave;res technologies en terme de s&eacute;curit&eacute; de donn&eacute;e. Vos informations personnelles et vos informations de paiement sont crypt&eacute;s grace au syst&egrave;mes de cryptage et protocoles de s&eacute;curit&eacute; HTTPS.</p>\r\n</li>\r\n</ul>\r\n</div>',NULL,'rich_text_box',53,'Site'),(59,'site.politique','Politique de confidentialité','<div class=\"terms__conditions_container\">\r\n<div class=\"main_title\">\r\n<h1>POLITIQUE DE CONFIDENTIALITE&nbsp;</h1>\r\n</div>\r\n<div class=\"sub_title\">\r\n<h5>&nbsp;</h5>\r\n<h5>Ce site est la propri&eacute;t&eacute; de la soci&eacute;t&eacute; ( PROKAMAS LTD ) - Enregistrer au 71-75, Shelton Street, Covent Garden, London, WC2H 9JQ, UNITED KINGDOM sous le numero 15759098, &agrave; respecter votre droit &agrave; la vie priv&eacute;e et de reconna&icirc;tre l&rsquo;importance de prot&eacute;ger les renseignements personnels ( tels que d&eacute;finis ci-dessous ) que vous avez fournis pour nous. Cette politique de confidentialit&eacute; d&eacute;crit la fa&ccedil;on dont la soci&eacute;t&eacute; per&ccedil;oit, les magasins, et utilise les informations personnelles que vous nous fournissez par le biais de la Soci&eacute;t&eacute; des sites Web et par t&eacute;l&eacute;phone ou e-mail que vous nous avez donn&eacute;. Cette politique de confidentialit&eacute; d&eacute;crit &eacute;galement les choix qui s&rsquo;offrent &agrave; vous au sujet de la Soci&eacute;t&eacute; de l&rsquo;utilisation des renseignements personnels vous nous fournir, et les actions que vous pouvez prendre pour acc&eacute;der &agrave; cette information et demande que la soci&eacute;t&eacute; de corriger ou supprimer.</h5>\r\n</div>\r\n<ul>\r\n<li>\r\n<div class=\"tc_title\">Object</div>\r\n<p>Les pr&eacute;sentes &laquo;&nbsp;conditions g&eacute;n&eacute;rales d&rsquo;utilisation&nbsp;&raquo; ont pour objet l&rsquo;encadrement juridique des modalit&eacute;s de mise &agrave; disposition des services du site&nbsp;<a href=\"https://dropkamas.com/\">DropKamas.com</a>&nbsp;et leur utilisation par &laquo;&nbsp;l&rsquo;Utilisateur&nbsp;&raquo;.&nbsp;Les conditions g&eacute;n&eacute;rales d&rsquo;utilisation doivent &ecirc;tre accept&eacute;es par tout Utilisateur souhaitant acc&eacute;der au site. Elles constituent le contrat entre le site et l&rsquo;Utilisateur. L&rsquo;acc&egrave;s au site par l&rsquo;Utilisateur signifie son acceptation des pr&eacute;sentes conditions g&eacute;n&eacute;rales d&rsquo;utilisation.&nbsp;&Eacute;ventuellement&nbsp;:</p>\r\n<h6>&bull; En cas de non-acceptation des conditions g&eacute;n&eacute;rales d&rsquo;utilisation stipul&eacute;es dans le pr&eacute;sent contrat, l&rsquo;Utilisateur se doit de renoncer &agrave; l&rsquo;acc&egrave;s des services propos&eacute;s par le site.</h6>\r\n<h6>&bull; <a href=\"https://dropkamas.com/\">DropKamas.com</a>&nbsp;se r&eacute;serve le droit de modifier unilat&eacute;ralement et &agrave; tout moment le contenu des pr&eacute;sentes conditions g&eacute;n&eacute;rales d&rsquo;utilisation.</h6>\r\n<p>&nbsp;</p>\r\n</li>\r\n<li>\r\n<div class=\"tc_title\">D&eacute;finition</div>\r\n<p>La pr&eacute;sente clause a pour objet de d&eacute;finir les diff&eacute;rents termes essentiels du contrat&nbsp;:</p>\r\n<h6>&bull; Utilisateur&nbsp;: ce terme d&eacute;signe toute personne qui utilise le site ou l&rsquo;un des services propos&eacute;s par le site.</h6>\r\n<h6>&bull; Contenu : ce sont les donn&eacute;es transmises par l&rsquo;Utilisateur ou du Membre au sein du site. Ainsi que les donn&eacute;es relatifs &agrave; son compte.</h6>\r\n<h6>&bull; Membre&nbsp;: l&rsquo;Utilisateur devient membre lorsqu&rsquo;il est identifi&eacute; sur le site.</h6>\r\n<h6>&bull; Identifiant et mot de passe&nbsp;: c&rsquo;est l&rsquo;ensemble des informations n&eacute;cessaires &agrave; l&rsquo;identification d&rsquo;un Utilisateur sur le site. L&rsquo;identifiant et le mot de passe permettent &agrave; l&rsquo;Utilisateur d&rsquo;acc&eacute;der &agrave; des services r&eacute;serv&eacute;s aux membres du site. Le mot de passe est confidentiel.</h6>\r\n<p>&nbsp;</p>\r\n</li>\r\n<li>\r\n<div class=\"tc_title\">ACCES AUX SERVICES</div>\r\n<p>Le site est accessible gratuitement en tout lieu &agrave; tout Utilisateur ayant un acc&egrave;s &agrave; Internet. Tous les frais support&eacute;s par l&rsquo;Utilisateur pour acc&eacute;der au service (mat&eacute;riel informatique, logiciels, connexion Internet, etc.) sont &agrave; sa charge. Selon le cas : L&rsquo;Utilisateur non membre n&rsquo;a pas acc&egrave;s aux services r&eacute;serv&eacute;s aux membres. Pour cela, il doit s&rsquo;identifier &agrave; l&rsquo;aide de son identifiant et de son mot de passe. A compter du moment ou l&rsquo;utilisateur rempli son formulaire d&rsquo;inscription, toute utilisation de VPN / PROXY / TOR est strictement interdite et cela est valable &agrave; chaque fois qu&rsquo;il d&eacute;cide de se connecter en tant que Membre. En cas de non respect, le compte sera banni sans pr&eacute;avis . Tout &eacute;v&eacute;nement d&ucirc; &agrave; un cas de force majeure ayant pour cons&eacute;quence un dysfonctionnement du r&eacute;seau ou du serveur n&rsquo;engage pas la responsabilit&eacute; de&nbsp;<a href=\"https://dropkamas.com/\">DropKamas.com</a> .&nbsp;L&rsquo;acc&egrave;s aux services du site peut &agrave; tout moment faire l&rsquo;objet d&rsquo;une interruption, d&rsquo;une suspension, d&rsquo;une modification sans pr&eacute;avis pour une maintenance ou pour tout autre cas. L&rsquo;Utilisateur s&rsquo;oblige &agrave; ne r&eacute;clamer aucune indemnisation suite &agrave; l&rsquo;interruption, &agrave; la suspension ou &agrave; la modification du pr&eacute;sent contrat. L&rsquo;Utilisateur a la possibilit&eacute; de contacter le site par Mail support@dropkamas.com ou via le Chat en direct que nous mettons &agrave; sa disposition.</p>\r\n</li>\r\n<li>\r\n<div class=\"tc_title\">DROIT D&rsquo;AUTEUR.</div>\r\n<p>Les marques, logos, signes et tout autre contenu du site font l&rsquo;objet d&rsquo;une protection par le droit d&rsquo;auteur.&nbsp;L&rsquo;Utilisateur sollicite l&rsquo;autorisation pr&eacute;alable du site pour toute reproduction, publication, copie des diff&eacute;rents contenus.&nbsp; L&rsquo;Utilisateur s&rsquo;engage &agrave; une utilisation des contenus du site dans un cadre strictement priv&eacute;. Une utilisation des contenus &agrave; des fins commerciales est strictement interdite.&nbsp;Tout contenu mis en ligne par l&rsquo;Utilisateur est de sa seule responsabilit&eacute;. L&rsquo;Utilisateur s&rsquo;engage &agrave; ne pas mettre en ligne de contenus pouvant porter atteinte aux int&eacute;r&ecirc;ts de tierces personnes. Tout recours en justice engag&eacute; par un tiers l&eacute;s&eacute; contre le site sera pris en charge par l&rsquo;Utilisateur.&nbsp;Le contenu de l&rsquo;Utilisateur peut &ecirc;tre &agrave; tout moment et pour n&rsquo;importe quelle raison supprim&eacute; ou modifi&eacute; par le site. Le site <a href=\"https://dropkamas.com/\">DropKamas.com</a> n&rsquo;est pas tenu de fournir une justification ou notification pr&eacute;alablement &agrave; la suppression ou &agrave; la modification du contenu Utilisateur.</p>\r\n</li>\r\n<li>\r\n<div class=\"tc_title\">DONN&Eacute;ES PERSONNELS</div>\r\n<p>Les informations demand&eacute;es &agrave; l&rsquo;inscription au site sont n&eacute;cessaires et obligatoires pour la cr&eacute;ation du compte de l&rsquo;Utilisateur. En particulier, l&rsquo;adresse &eacute;lectronique pourra &ecirc;tre utilis&eacute;e par le site pour l&rsquo;administration, la gestion et l&rsquo;animation du service.&nbsp; Le site assure &agrave; l&rsquo;Utilisateur une collecte et un traitement d&rsquo;informations personnelles dans le respect de la vie priv&eacute;e. Il ne partagera aucune information concernant ses utilisateurs &agrave; un tiers. Le site s&rsquo;engage &agrave; ne pas vendre ou transmettre des informations sur les membres &agrave; des fins publicitaires &agrave; titre d&rsquo;exemple. Vos informations personnelles sont prot&eacute;g&eacute;es et restent confidentielles, nous utilisons votre Nom du personnage en jeu, Email ou t&eacute;l&eacute;phone pour vous livrer vos commandes ou vous contacter concernant ces derni&egrave;res ou pour vous informer de nos offres de r&eacute;duction et nouveaux services. Il se peut que vous soyez amen&eacute;s &agrave; fournir des documents personnels pour confirmer votre identit&eacute; et vos informations de paiement, ces documents seront uniquement communiqu&eacute;s &agrave; votre soci&eacute;t&eacute; de paiement dans le cas o&ugrave; nous rencontrons un probl&egrave;me avec l\'un de vos paiement, nous nous r&eacute;servons le droit d\'exiger n\'importe quel document pour prouver votre identit&eacute; et vos informations de paiement, le client a le droit d&rsquo;accepter ou de refuser de partager ses informations personnelles, si une commande a &eacute;t&eacute; faite et que le client refuse de partager ses informations, la commande sera totalement rembours&eacute;e et la commande ne sera donc pas livr&eacute;e. Dans le cas o&ugrave; nous rencontrons des probl&egrave;mes avec vos paiements, nous nous r&eacute;servons le droit de partager vos informations et documents personnels avec la soci&eacute;t&eacute; de paiement que vous avez utilis&eacute; pour effectuer le paiement en question afin de prouver la cr&eacute;dibilit&eacute; de nos transactions et trouver issue au probl&egrave;me de paiement rencontr&eacute; avec votre paiement. DropKamas ne tol&eacute;rera aucune tentative ill&eacute;gale d&rsquo;acc&egrave;s aux informations de ses clients, commandes, ou n&rsquo;importe quel autre type d&rsquo;informations priv&eacute;es, ces tentatives seront d&eacute;tect&eacute;es et intercept&eacute; et leurs propri&eacute;taires seront poursuivis en justice. Les produits et services offerts sur notre site ne sont pas destin&eacute;s aux enfants moins de 13 ans, on refuse d&rsquo;acheter ou de vendre aux mineurs de moins de 13 ans.</p>\r\n</li>\r\n<li>\r\n<div class=\"tc_title\">RESPONSABILIT&Eacute; ET FORCE MAJEUR</div>\r\n<p>L&rsquo;Utilisateur s&rsquo;assure de garder son mot de passe secret. Toute divulgation du mot de passe, quelle que soit sa forme, est interdite.&nbsp;L&rsquo;Utilisateur assume les risques li&eacute;s &agrave; l&rsquo;utilisation de son identifiant et mot de passe. Le site d&eacute;cline toute responsabilit&eacute;.&nbsp;Tout usage du service par l&rsquo;Utilisateur ayant directement ou indirectement pour cons&eacute;quence des dommages doit faire l&rsquo;objet d&rsquo;une indemnisation au profit du site. &nbsp;Une garantie optimale de la s&eacute;curit&eacute; et de la confidentialit&eacute; des donn&eacute;es transmises n&rsquo;est pas assur&eacute;e par le site. Toutefois, le site s&rsquo;engage &agrave; mettre en &oelig;uvre tous les moyens n&eacute;cessaires afin de garantir au mieux la s&eacute;curit&eacute;, l&rsquo;anonymat et la confidentialit&eacute; des donn&eacute;es.&nbsp;La responsabilit&eacute; du site ne peut &ecirc;tre engag&eacute;e en cas de force majeure ou du fait impr&eacute;visible et insurmontable d&rsquo;un tiers.</p>\r\n</li>\r\n<li>\r\n<div class=\"tc_title\">EVOLUTION DU CONTRAT</div>\r\n<p>Le site se r&eacute;serve &agrave; tout moment le droit de modifier les clauses stipul&eacute;es dans le pr&eacute;sent contrat.</p>\r\n</li>\r\n<li>\r\n<div class=\"tc_title\">DUR&Eacute;E</div>\r\n<p>La dur&eacute;e du pr&eacute;sent contrat est ind&eacute;termin&eacute;e. Le contrat produit ses effets &agrave; l&rsquo;&eacute;gard de l&rsquo;Utilisateur &agrave; compter de l&rsquo;utilisation du service</p>\r\n</li>\r\n<li>\r\n<div class=\"tc_title\">RESTREINTE UTILISATEURS</div>\r\n<p>Aucune personne (employ&eacute;, agent ou d&rsquo;une entit&eacute; affili&eacute;e au moyen de tout &eacute;diteur ou d&eacute;veloppeur de jeu) est autoris&eacute; &agrave; utiliser ou &agrave; acc&eacute;der &agrave; ce site ou &agrave; utiliser les services fournis aux pr&eacute;sentes.</p>\r\n</li>\r\n<li>\r\n<div class=\"tc_title\">PLAINTES DE COPYRIGHT</div>\r\n<p>DropKamas respecte la propri&eacute;t&eacute; intellectuelle d&rsquo;autrui. Si vous pensez que votre travail a &eacute;t&eacute; copi&eacute; d&rsquo;une mani&egrave;re qui constitue une violation du droit d&rsquo;auteur, s&rsquo;il vous pla&icirc;t contactez-nous plainte@dropkamas.com &agrave; propos des all&eacute;gations de violation de copyright.</p>\r\n</li>\r\n<li>\r\n<div class=\"tc_title\">Cookies</div>\r\n<p>La Soci&eacute;t&eacute; utilise &agrave; la fois des cookies d\'identification de session et des cookies persistants dans le cadre de son interaction avec votre navigateur. Un cookie est un identifiant alphanum&eacute;rique (un fichier) que les sites Web de la soci&eacute;t&eacute; transf&egrave;rent sur le disque dur de votre ordinateur via un navigateur Web pour permettre &agrave; ses syst&egrave;mes de reconna&icirc;tre votre navigateur &agrave; des fins de tenue de registres. Un cookie d\'identification de session expire lorsque vous fermez votre navigateur, tandis qu\'un cookie persistant reste sur votre disque dur pendant une p&eacute;riode prolong&eacute;e. Nous utilisons des cookies d\'identification de session pour vous faciliter la navigation sur nos sites Web. Nous utilisons des cookies persistants pour identifier et suivre les sections de son site Web que vous visitez le plus souvent. Nous utilisons &eacute;galement des cookies persistants dans les zones de son site Web que vous devez vous inscrire et vous pouvez personnaliser les informations que vous voyez, de sorte que vous n\'ayez pas &agrave; entrer vos pr&eacute;f&eacute;rences plus d\'une fois. En configurant les options de votre navigateur, vous pouvez contr&ocirc;ler la mani&egrave;re dont les cookies sont trait&eacute;s par votre syst&egrave;me. Cependant, si vous refusez l\'utilisation de cookies, vous ne pourrez peut-&ecirc;tre pas utiliser certaines fonctionnalit&eacute;s de ce site et vous devrez peut-&ecirc;tre saisir &agrave; nouveau les informations n&eacute;cessaires pour terminer une commande lors de sessions de navigation nouvelles ou interrompues. Certains partenaires commerciaux de la Soci&eacute;t&eacute; (par exemple, les annonceurs) utilisent des cookies sur le site. Nous n\'avons aucun acc&egrave;s ou contr&ocirc;le sur ces cookies (voir &laquo;Publicit&eacute; de tiers&raquo; et &laquo;Cookies de tiers&raquo; ci-dessous). En cons&eacute;quence, cette politique de confidentialit&eacute; couvre uniquement l\'utilisation des cookies par la soci&eacute;t&eacute; et ne couvre pas l\'utilisation de cookies par les annonceurs.</p>\r\n</li>\r\n<li>\r\n<div class=\"tc_title\">Inscription</div>\r\n<p>Lorsque vous vous inscrivez avec nous sur ce site, vous remplissez d\'abord le formulaire d\'inscription en ligne, qui vous oblige &agrave; cr&eacute;er un nom d\'utilisateur et un mot de passe. Lors de l\'inscription, vous devez &eacute;galement fournir des donn&eacute;es personnelles, qui peuvent inclure le nom, l\'adresse de facturation, l\'adresse de livraison, le num&eacute;ro de t&eacute;l&eacute;phone et l\'adresse e-mail. Nous utilisons ces donn&eacute;es personnelles afin de pouvoir vous contacter au sujet des services et produits sur le (s) site (s) pour lesquels vous avez exprim&eacute; votre int&eacute;r&ecirc;t ou demand&eacute; et pour faciliter la r&eacute;alisation d\'une commande.</p>\r\n</li>\r\n<li>\r\n<div class=\"tc_title\">S&Eacute;CURIT&Eacute;&nbsp;DES TRANSACTIONS</div>\r\n<p>Notre site web BOOKAMAS est &eacute;quip&eacute; des derni&egrave;res technologies en terme de s&eacute;curit&eacute; de donn&eacute;e. Vos informations personnelles et vos informations de paiement sont crypt&eacute;s grace au syst&egrave;mes de cryptage et protocoles de s&eacute;curit&eacute; HTTPS.</p>\r\n</li>\r\n</ul>\r\n</div>',NULL,'rich_text_box',55,'Site'),(60,'titres-des-pages-seo.politique','Politique de confidentialité page :','Politique de confidentialité',NULL,'text',54,'Titres des pages (SEO)'),(61,'site.whatsapp','Whatsapp link :','https://web.whatsapp.com',NULL,'text',51,'Site');
/*!40000 ALTER TABLE `settings` ENABLE KEYS */;
UNLOCK TABLES;

--
-- Table structure for table `skrill_payments`
--

DROP TABLE IF EXISTS `skrill_payments`;
/*!40101 SET @saved_cs_client     = @@character_set_client */;
/*!50503 SET character_set_client = utf8mb4 */;
CREATE TABLE `skrill_payments` (
  `id` bigint unsigned NOT NULL AUTO_INCREMENT,
  `transaction_id` varchar(255) CHARACTER SET utf8mb4 COLLATE utf8mb4_unicode_ci NOT NULL,
  `mb_transaction_id` varchar(255) CHARACTER SET utf8mb4 COLLATE utf8mb4_unicode_ci NOT NULL,
  `invoice_id` varchar(255) CHARACTER SET utf8mb4 COLLATE utf8mb4_unicode_ci DEFAULT NULL,
  `order_from` varchar(255) CHARACTER SET utf8mb4 COLLATE utf8mb4_unicode_ci DEFAULT NULL,
  `customer_id` varchar(255) CHARACTER SET utf8mb4 COLLATE utf8mb4_unicode_ci DEFAULT NULL,
  `customer_email` varchar(255) CHARACTER SET utf8mb4 COLLATE utf8mb4_unicode_ci DEFAULT NULL,
  `biller_email` varchar(255) CHARACTER SET utf8mb4 COLLATE utf8mb4_unicode_ci NOT NULL,
  `currency` varchar(255) CHARACTER SET utf8mb4 COLLATE utf8mb4_unicode_ci NOT NULL,
  `status` varchar(255) CHARACTER SET utf8mb4 COLLATE utf8mb4_unicode_ci NOT NULL,
  `created_at` timestamp NULL DEFAULT NULL,
  `updated_at` timestamp NULL DEFAULT NULL,
  PRIMARY KEY (`id`)
) ENGINE=InnoDB DEFAULT CHARSET=utf8mb4 COLLATE=utf8mb4_unicode_ci;
/*!40101 SET character_set_client = @saved_cs_client */;

--
-- Dumping data for table `skrill_payments`
--

LOCK TABLES `skrill_payments` WRITE;
/*!40000 ALTER TABLE `skrill_payments` DISABLE KEYS */;
/*!40000 ALTER TABLE `skrill_payments` ENABLE KEYS */;
UNLOCK TABLES;

--
-- Table structure for table `subscription_items`
--

DROP TABLE IF EXISTS `subscription_items`;
/*!40101 SET @saved_cs_client     = @@character_set_client */;
/*!50503 SET character_set_client = utf8mb4 */;
CREATE TABLE `subscription_items` (
  `id` bigint unsigned NOT NULL AUTO_INCREMENT,
  `subscription_id` bigint unsigned NOT NULL,
  `stripe_id` varchar(255) CHARACTER SET utf8mb4 COLLATE utf8mb4_unicode_ci NOT NULL,
  `stripe_product` varchar(255) CHARACTER SET utf8mb4 COLLATE utf8mb4_unicode_ci NOT NULL,
  `stripe_price` varchar(255) CHARACTER SET utf8mb4 COLLATE utf8mb4_unicode_ci NOT NULL,
  `quantity` int DEFAULT NULL,
  `created_at` timestamp NULL DEFAULT NULL,
  `updated_at` timestamp NULL DEFAULT NULL,
  PRIMARY KEY (`id`)
) ENGINE=InnoDB DEFAULT CHARSET=utf8mb4 COLLATE=utf8mb4_unicode_ci;
/*!40101 SET character_set_client = @saved_cs_client */;

--
-- Dumping data for table `subscription_items`
--

LOCK TABLES `subscription_items` WRITE;
/*!40000 ALTER TABLE `subscription_items` DISABLE KEYS */;
/*!40000 ALTER TABLE `subscription_items` ENABLE KEYS */;
UNLOCK TABLES;

--
-- Table structure for table `subscriptions`
--

DROP TABLE IF EXISTS `subscriptions`;
/*!40101 SET @saved_cs_client     = @@character_set_client */;
/*!50503 SET character_set_client = utf8mb4 */;
CREATE TABLE `subscriptions` (
  `id` bigint unsigned NOT NULL AUTO_INCREMENT,
  `user_id` bigint unsigned NOT NULL,
  `name` varchar(255) CHARACTER SET utf8mb4 COLLATE utf8mb4_unicode_ci NOT NULL,
  `stripe_id` varchar(255) CHARACTER SET utf8mb4 COLLATE utf8mb4_unicode_ci NOT NULL,
  `stripe_status` varchar(255) CHARACTER SET utf8mb4 COLLATE utf8mb4_unicode_ci NOT NULL,
  `stripe_price` varchar(255) CHARACTER SET utf8mb4 COLLATE utf8mb4_unicode_ci DEFAULT NULL,
  `quantity` int DEFAULT NULL,
  `trial_ends_at` timestamp NULL DEFAULT NULL,
  `ends_at` timestamp NULL DEFAULT NULL,
  `created_at` timestamp NULL DEFAULT NULL,
  `updated_at` timestamp NULL DEFAULT NULL,
  PRIMARY KEY (`id`)
) ENGINE=InnoDB DEFAULT CHARSET=utf8mb4 COLLATE=utf8mb4_unicode_ci;
/*!40101 SET character_set_client = @saved_cs_client */;

--
-- Dumping data for table `subscriptions`
--

LOCK TABLES `subscriptions` WRITE;
/*!40000 ALTER TABLE `subscriptions` DISABLE KEYS */;
/*!40000 ALTER TABLE `subscriptions` ENABLE KEYS */;
UNLOCK TABLES;

--
-- Table structure for table `testimonials`
--

DROP TABLE IF EXISTS `testimonials`;
/*!40101 SET @saved_cs_client     = @@character_set_client */;
/*!50503 SET character_set_client = utf8mb4 */;
CREATE TABLE `testimonials` (
  `id` bigint unsigned NOT NULL AUTO_INCREMENT,
  `name` varchar(255) CHARACTER SET utf8mb4 COLLATE utf8mb4_unicode_ci NOT NULL,
  `job` varchar(255) CHARACTER SET utf8mb4 COLLATE utf8mb4_unicode_ci DEFAULT NULL,
  `avatar` varchar(255) CHARACTER SET utf8mb4 COLLATE utf8mb4_unicode_ci NOT NULL DEFAULT 'default',
  `testimonial` text CHARACTER SET utf8mb4 COLLATE utf8mb4_unicode_ci NOT NULL,
  `active` tinyint NOT NULL DEFAULT '0',
  `created_at` timestamp NULL DEFAULT NULL,
  `updated_at` timestamp NULL DEFAULT NULL,
  PRIMARY KEY (`id`)
) ENGINE=InnoDB AUTO_INCREMENT=10 DEFAULT CHARSET=utf8mb4 COLLATE=utf8mb4_unicode_ci;
/*!40101 SET character_set_client = @saved_cs_client */;

--
-- Dumping data for table `testimonials`
--

LOCK TABLES `testimonials` WRITE;
/*!40000 ALTER TABLE `testimonials` DISABLE KEYS */;
INSERT INTO `testimonials` VALUES (2,'Fendyaa la',NULL,'testimonials/July2024/2gW2GtqaysKYNWfCgJrP.png','Excellent site pour acheter des kamas ! Processus rapide, sécurisé et simple. Livraison rapide après paiement. Très satisfait du service !',1,'2024-07-20 18:13:41','2024-07-20 18:13:41'),(3,'Fendyaa la',NULL,'testimonials/July2024/2gW2GtqaysKYNWfCgJrP.png','Excellent site pour acheter des kamas ! Processus rapide, sécurisé et simple. Livraison rapide après paiement. Très satisfait du service !',1,'2024-07-20 18:13:41','2024-07-20 18:13:41'),(4,'Fendyaa la',NULL,'testimonials/July2024/2gW2GtqaysKYNWfCgJrP.png','Excellent site pour acheter des kamas ! Processus rapide, sécurisé et simple. Livraison rapide après paiement. Très satisfait du service !',1,'2024-07-20 18:13:41','2024-07-20 18:13:41'),(5,'Fendyaa la',NULL,'testimonials/July2024/2gW2GtqaysKYNWfCgJrP.png','Excellent site pour acheter des kamas ! Processus rapide, sécurisé et simple. Livraison rapide après paiement. Très satisfait du service !',1,'2024-07-20 18:13:41','2024-07-20 18:13:41'),(6,'Fendyaa la',NULL,'testimonials/July2024/2gW2GtqaysKYNWfCgJrP.png','Excellent site pour acheter des kamas ! Processus rapide, sécurisé et simple. Livraison rapide après paiement. Très satisfait du service !',1,'2024-07-20 18:13:41','2024-07-20 18:13:41'),(7,'Fendyaa la',NULL,'testimonials/July2024/2gW2GtqaysKYNWfCgJrP.png','Excellent site pour acheter des kamas ! Processus rapide, sécurisé et simple. Livraison rapide après paiement. Très satisfait du service !',1,'2024-07-20 18:13:41','2024-07-20 18:13:41'),(8,'Fendyaa la',NULL,'testimonials/July2024/2gW2GtqaysKYNWfCgJrP.png','Excellent site pour acheter des kamas ! Processus rapide, sécurisé et simple. Livraison rapide après paiement. Très satisfait du service !',1,'2024-07-20 18:13:41','2024-07-20 18:13:41'),(9,'Fendyaa la',NULL,'testimonials/July2024/2gW2GtqaysKYNWfCgJrP.png','Excellent site pour acheter des kamas ! Processus rapide, sécurisé et simple. Livraison rapide après paiement. Très satisfait du service !',1,'2024-07-20 18:13:41','2024-07-20 18:13:41');
/*!40000 ALTER TABLE `testimonials` ENABLE KEYS */;
UNLOCK TABLES;

--
-- Table structure for table `translations`
--

DROP TABLE IF EXISTS `translations`;
/*!40101 SET @saved_cs_client     = @@character_set_client */;
/*!50503 SET character_set_client = utf8mb4 */;
CREATE TABLE `translations` (
  `id` int unsigned NOT NULL AUTO_INCREMENT,
  `table_name` varchar(255) CHARACTER SET utf8mb4 COLLATE utf8mb4_unicode_ci NOT NULL,
  `column_name` varchar(255) CHARACTER SET utf8mb4 COLLATE utf8mb4_unicode_ci NOT NULL,
  `foreign_key` int unsigned NOT NULL,
  `locale` varchar(255) CHARACTER SET utf8mb4 COLLATE utf8mb4_unicode_ci NOT NULL,
  `value` text CHARACTER SET utf8mb4 COLLATE utf8mb4_unicode_ci NOT NULL,
  `created_at` timestamp NULL DEFAULT NULL,
  `updated_at` timestamp NULL DEFAULT NULL,
  PRIMARY KEY (`id`),
  UNIQUE KEY `translations_table_name_column_name_foreign_key_locale_unique` (`table_name`,`column_name`,`foreign_key`,`locale`)
) ENGINE=InnoDB DEFAULT CHARSET=utf8mb4 COLLATE=utf8mb4_unicode_ci;
/*!40101 SET character_set_client = @saved_cs_client */;

--
-- Dumping data for table `translations`
--

LOCK TABLES `translations` WRITE;
/*!40000 ALTER TABLE `translations` DISABLE KEYS */;
/*!40000 ALTER TABLE `translations` ENABLE KEYS */;
UNLOCK TABLES;

--
-- Table structure for table `user_roles`
--

DROP TABLE IF EXISTS `user_roles`;
/*!40101 SET @saved_cs_client     = @@character_set_client */;
/*!50503 SET character_set_client = utf8mb4 */;
CREATE TABLE `user_roles` (
  `user_id` bigint unsigned NOT NULL,
  `role_id` bigint unsigned NOT NULL,
  PRIMARY KEY (`user_id`,`role_id`),
  KEY `user_roles_user_id_index` (`user_id`),
  KEY `user_roles_role_id_index` (`role_id`),
  CONSTRAINT `user_roles_role_id_foreign` FOREIGN KEY (`role_id`) REFERENCES `roles` (`id`) ON DELETE CASCADE,
  CONSTRAINT `user_roles_user_id_foreign` FOREIGN KEY (`user_id`) REFERENCES `users` (`id`) ON DELETE CASCADE
) ENGINE=InnoDB DEFAULT CHARSET=utf8mb4 COLLATE=utf8mb4_unicode_ci;
/*!40101 SET character_set_client = @saved_cs_client */;

--
-- Dumping data for table `user_roles`
--

LOCK TABLES `user_roles` WRITE;
/*!40000 ALTER TABLE `user_roles` DISABLE KEYS */;
/*!40000 ALTER TABLE `user_roles` ENABLE KEYS */;
UNLOCK TABLES;

--
-- Table structure for table `users`
--

DROP TABLE IF EXISTS `users`;
/*!40101 SET @saved_cs_client     = @@character_set_client */;
/*!50503 SET character_set_client = utf8mb4 */;
CREATE TABLE `users` (
  `id` bigint unsigned NOT NULL AUTO_INCREMENT,
  `role_id` bigint unsigned DEFAULT NULL,
  `name` varchar(255) CHARACTER SET utf8mb4 COLLATE utf8mb4_unicode_ci NOT NULL,
  `email` varchar(255) CHARACTER SET utf8mb4 COLLATE utf8mb4_unicode_ci NOT NULL,
  `avatar` varchar(255) CHARACTER SET utf8mb4 COLLATE utf8mb4_unicode_ci DEFAULT 'users/default.png',
  `email_verified_at` timestamp NULL DEFAULT NULL,
  `password` varchar(255) CHARACTER SET utf8mb4 COLLATE utf8mb4_unicode_ci NOT NULL,
  `remember_token` varchar(100) CHARACTER SET utf8mb4 COLLATE utf8mb4_unicode_ci DEFAULT NULL,
  `settings` text CHARACTER SET utf8mb4 COLLATE utf8mb4_unicode_ci,
  `created_at` timestamp NULL DEFAULT NULL,
  `updated_at` timestamp NULL DEFAULT NULL,
  `username` varchar(50) CHARACTER SET utf8mb4 COLLATE utf8mb4_unicode_ci NOT NULL,
  `phone` varchar(50) CHARACTER SET utf8mb4 COLLATE utf8mb4_unicode_ci DEFAULT NULL,
  PRIMARY KEY (`id`),
  UNIQUE KEY `users_email_unique` (`email`),
  UNIQUE KEY `users_username_unique` (`username`),
  KEY `users_role_id_foreign` (`role_id`),
  CONSTRAINT `users_role_id_foreign` FOREIGN KEY (`role_id`) REFERENCES `roles` (`id`)
) ENGINE=InnoDB AUTO_INCREMENT=9 DEFAULT CHARSET=utf8mb4 COLLATE=utf8mb4_unicode_ci;
/*!40101 SET character_set_client = @saved_cs_client */;

--
-- Dumping data for table `users`
--

LOCK TABLES `users` WRITE;
/*!40000 ALTER TABLE `users` DISABLE KEYS */;
INSERT INTO `users` VALUES (1,1,'Admin','admin@ecom.com','users/default.png',NULL,'$2y$10$LTrOhBlBl9wR00UmZs.gpOGsRohw40VFvXuBsOl4K.vb3RUV3eblW','arNGceJc2zfEOm7WViZ229c2aiQSnVjHaJaan4ix5WW4a5hmtQeoQTMJPWVa',NULL,'2024-05-16 19:50:27','2024-07-21 21:29:51','med-med','01728378737'),(2,3,'Mohamed Oukalla','medoukalla@gmail.com','users/default.png',NULL,'$2y$10$0lpEZt49TmtqA8ml7lBz0OGTDOzZneifATYNCSSrmZv7vSfCZjOYa','qOAqCbB9f7OV5Of5LIrsFfEUryb2hRVKZ6UznARKMfd3l9yGRvPSkHqetX5z',NULL,'2024-05-17 17:08:13','2024-06-26 22:50:35','ouka','0616782839'),(3,2,'Ahmed','ahmed@gmail.com','users/default.png',NULL,'$2y$10$ovSLHRIZo6pr4oop5dMm1Olg7UPL2MZp.vkIbJiUOPx4lw4ez9XWm',NULL,NULL,'2024-05-17 17:09:12','2024-05-17 17:09:12','ahmed','06127162181'),(4,2,'Youssef','youssef@gmail.com','users/default.png',NULL,'$2y$10$uEC5Pb1VDcmx3cBiAJB9B.RY4prrPun5r3XKIec9aR/qAZqb0IFeC',NULL,NULL,'2024-05-17 17:11:10','2024-05-17 17:11:10','youssef','0177291928838'),(5,2,'Khalid','khalid@gmail.com','users/default.png',NULL,'$2y$10$R5iYME7XzcDTmxrgsaRDIOQ3Z4jKr0qIjFskRsoW2BZ3asJugJ0YS',NULL,NULL,'2024-05-17 21:19:47','2024-05-17 21:19:47','khalid','1777272727'),(6,2,'Name Name','email@gmail.com','users/default.png',NULL,'$2y$10$uH8EoNe4BUZ/TqxsHXa.3Ozh/btiEIYS9MG2gDRyld/5i5QqEWLza','3kdjEzNT0qyOjOPYkH1muChm4tzAe1mXVIZmt0OcOwhVobmLqek2hHNSu1aV',NULL,'2024-07-19 21:12:24','2024-07-19 23:08:49','game-id',NULL),(8,2,'Client 10','client10@gmail.com','users/default.png',NULL,'$2y$10$fLhVrNs/pMAkgrlDCuEBYeA0cj9hBii9snL7XWvR/Unza6B36vm.u','UbTpQQFJba51jeauLWqiV7fUm7nIB0bERBH2zaU3F4xA8dsGLx1yzKqroJHj',NULL,'2024-07-20 22:06:03','2024-07-21 19:30:27','gameid',NULL);
/*!40000 ALTER TABLE `users` ENABLE KEYS */;
UNLOCK TABLES;
/*!40103 SET TIME_ZONE=@OLD_TIME_ZONE */;

/*!40101 SET SQL_MODE=@OLD_SQL_MODE */;
/*!40014 SET FOREIGN_KEY_CHECKS=@OLD_FOREIGN_KEY_CHECKS */;
/*!40014 SET UNIQUE_CHECKS=@OLD_UNIQUE_CHECKS */;
/*!40101 SET CHARACTER_SET_CLIENT=@OLD_CHARACTER_SET_CLIENT */;
/*!40101 SET CHARACTER_SET_RESULTS=@OLD_CHARACTER_SET_RESULTS */;
/*!40101 SET COLLATION_CONNECTION=@OLD_COLLATION_CONNECTION */;
/*!40111 SET SQL_NOTES=@OLD_SQL_NOTES */;

-- Dump completed on 2024-07-22 18:53:50
